Price,Name
2.8357325,Mahindra XUV500 W6 2WD
2.8775775,BMW 5 Series 520d Luxury Line
2.8357325,Toyota Corolla Altis 1.8 G
2.8357325,Hyundai i20 Asta 1.4 CRDi
2.887639,Mahindra KUV 100 mFALCON G80 K2
2.887639,Maruti Alto 800 2016-2019 LXI
2.887639,Fiat Punto EVO 1.2 Emotion
2.887639,Maruti Wagon R VXI BS IV
2.8357325,Mitsubishi Pajero 4X4 LHD
2.887639,Honda Brio EX MT
2.8357325,Hyundai i20 Asta Option 1.4 CRDi
2.8775775,Hyundai Creta 1.6 SX Plus Petrol Automatic
2.8357325,Maruti Alto Green LXi (CNG)
2.887639,Honda Amaze S i-VTEC
2.887639,Mahindra KUV 100 mFALCON G80 K6 Plus
2.8775775,Honda City i-VTEC CVT VX
2.8775775,Mahindra XUV500 AT W10 FWD
0.045688108,Hyundai Santro GLS I - Euro I
2.825671,Mercedes-Benz New C-Class 220 CDI AT
2.8775775,Renault Duster 110PS Diesel RxZ AMT
2.8357325,Volkswagen Polo 1.2 MPI Comfortline
-0.41901815,BMW 5 Series 520d Sedan
2.825671,Mercedes-Benz S Class 2005 2013 S 350 CDI
-0.5974916,Hyundai Santro GLS II - Euro II
2.8775775,Jaguar XJ 3.0L Premium Luxury
2.887639,Maruti Swift VDI
2.887639,Honda Amaze S i-Dtech
2.825671,BMW 3 Series 320d Highline
2.887639,Hyundai Verna 1.4 EX
2.8775775,Toyota Fortuner 4x2 4 Speed AT
2.887639,Maruti Swift VXI
2.887639,Chevrolet Beat LS
2.8775775,Hyundai Grand i10 Asta Option AT
2.8357325,Ford Figo Petrol ZXI
0.7660944,Nissan Teana 230jM
2.887639,Maruti Swift VXI BSIII
2.8775775,Audi A4 35 TDI Premium
2.887639,Honda City V MT
2.887639,Honda Jazz V
2.887639,Volkswagen Polo 1.5 TDI Highline
2.887639,Nissan Terrano XL D Option
2.8775775,Land Rover Discovery Sport SD4 HSE Luxury 7S
2.887639,Hyundai i20 Magna Optional 1.2
2.887639,Honda City 1.5 E MT
2.887639,Mahindra XUV500 W10 AWD
2.887639,Jeep Compass 2.0 Limited Option 4X4
2.887639,Mahindra XUV500 W10 AWD
2.825671,Mahindra Scorpio VLX 4WD AIRBAG AT BSIV
2.887639,Datsun GO Plus T
2.887639,Mahindra Scorpio S6 Plus 7 Seater
2.8775775,Honda Amaze S AT i-Vtech
2.887639,Honda City i-DTEC ZX
2.887639,Tata Indigo GLE
2.887639,Hyundai Grand i10 1.2 CRDi Sportz
2.887639,Maruti Alto 800 2016-2019 CNG LXI
2.887639,Hyundai Verna 1.4 CX VTVT
2.887639,Toyota Innova Crysta 2.4 VX MT
2.8775775,BMW X1 sDrive20d
2.8775775,Volkswagen Jetta 2013-2015 2.0L TDI Highline AT
2.887639,Ford Figo Diesel ZXI
2.825671,Mahindra Ssangyong Rexton RX7
2.887639,Volkswagen Vento Petrol Highline
2.887639,Skoda Rapid 1.6 MPI Ambition With Alloy Wheel
2.887639,Volkswagen Polo Petrol Comfortline 1.2L
2.887639,Maruti S Cross DDiS 200 Delta
2.8357325,Toyota Corolla Altis G
2.887639,Maruti Ertiga ZDI
2.8775775,Hyundai i10 Asta Sunroof AT
2.8775775,Mercedes-Benz CLA 200 CDI Sport
2.8357325,Honda City ZX VTEC
2.887639,Mahindra KUV 100 G80 K8
2.887639,Toyota Fortuner 3.0 Diesel
2.887639,Honda City 1.5 V MT
2.8775775,Audi A6 35 TDI Matrix
2.887639,Ford Figo Diesel ZXI
2.8775775,Mercedes-Benz GLA Class 200 CDI
2.887639,Chevrolet Aveo U-VA 1.2 LS
2.887639,Ford Figo 2015-2019 1.5D Titanium MT
2.8775775,Hyundai Elantra CRDi SX AT
2.8775775,Maruti Baleno Zeta CVT
2.887639,Maruti Swift LXi BSIV
2.8775775,Mercedes-Benz CLS-Class 2006-2010 350 CDI
2.8775775,BMW 3 Series Luxury Line
2.8775775,Maruti Dzire AMT ZDI Plus
2.8357325,Hyundai Verna 1.6 SX VTVT
2.887639,Jeep Compass 2.0 Longitude
2.8775775,Hyundai Sonata Embera 2.0L CRDi AT
2.8357325,Maruti Eeco 5 STR With AC Plus HTR CNG
2.887639,Tata Nexon 1.5 Revotorq XZ Plus Dual Tone
2.887639,Hyundai EON Era Plus
0.013612734,Tata Indica DLS
2.8775775,BMW 5 Series 2013-2017 530d M Sport
2.887639,Maruti Ertiga VDI
2.887639,Honda Amaze E i-Vtech
2.8593268,Ford Fiesta 1.4 Duratec ZXI
2.8593268,Honda Civic 2006-2010 1.8 V MT
2.887639,Maruti Wagon R LX DUO BSIII
2.887639,Maruti Ertiga ZDI
2.887639,Hyundai Grand i10 CRDi Sportz
2.887639,Hyundai Xcent 1.2 VTVT E Plus
2.887639,Hyundai i10 Era
2.887639,Honda Amaze S i-Vtech
2.8775775,Audi A6 2.7 TDI
2.887639,Hyundai i10 Magna 1.2 iTech SE
2.887639,Renault KWID RXT Optional
2.825671,Audi A4 New 2.0 TDI Multitronic
2.887639,Maruti Alto 800 LXI Airbag
2.887639,Honda City i VTEC VX Option
2.825671,Mercedes-Benz New C-Class C250 Avantgarde
2.8775775,Audi Q5 3.0 TDI Quattro Technology
2.887639,Volkswagen Polo 1.2 MPI Comfortline
2.887639,Hyundai Creta 1.4 E Plus Diesel
2.887639,Honda City 1.5 V MT
2.887639,Honda City 1.5 S MT
2.887639,Maruti S Cross DDiS 320 Alpha
2.8357325,Maruti SX4 Vxi BSIV
2.887639,Maruti Swift Dzire VDI
2.887639,Maruti Ertiga ZDI
2.887639,Hyundai i20 1.2 Spotz
2.887639,Hyundai Grand i10 CRDi Magna
2.887639,Honda City i VTEC SV
2.887639,Skoda Rapid 1.6 TDI Elegance
2.825671,Mercedes-Benz E-Class E270 CDI
2.8775775,Hyundai Santa Fe 4WD AT
2.887639,Maruti Alto LXi
2.887639,ISUZU D-MAX V-Cross 4X4
2.887639,Hyundai Verna 1.4 CRDi GL
2.887639,Ford Figo Diesel ZXI
2.8357325,Honda City 1.5 S MT
0.09874811,Maruti Swift VDI BSIV W ABS
2.887639,Hyundai Verna 1.6 CRDi S
2.8775775,Hyundai Creta 1.6 SX Plus Petrol Automatic
2.887639,Ford Ecosport 1.5 DV5 MT Titanium
2.8775775,BMW X6 xDrive30d
2.8775775,BMW 5 Series 2013-2017 520d Luxury Line
2.887639,Ford Figo Aspire 1.5 TDCi Ambiente
2.8775775,Hyundai Verna VTVT 1.6 AT EX
2.887639,Ford Ikon 1.4 TDCi DuraTorq
2.8775775,Audi A6 2011-2015 2.0 TDI
0.09874811,Honda CR-V Sport
2.8775775,Hyundai i20 2015-2017 Sportz AT 1.4
2.887639,Toyota Fortuner 2.8 4WD MT
2.887639,Renault KWID RXT
2.8593268,Chevrolet Spark 1.0 LT
2.8357325,Hyundai Verna Transform VTVT
2.8775775,BMW 3 Series 320d Sport Line
0.045688108,Hyundai Santro Xing XP
2.887639,Maruti Swift Dzire VDI
2.887639,Hyundai Xcent 1.2 CRDi E Plus
2.8775775,Honda Jazz V CVT
2.887639,Tata Indigo LS
2.8357325,Ford Fiesta Classic 1.4 Duratorq CLXI
2.887639,Maruti S-Cross Alpha DDiS 200 SH
2.887639,Maruti SX4 Zxi with Leather BSIII
2.8775775,Maruti Baleno Zeta Automatic
2.887639,Maruti Ritz LDi
2.8775775,Hyundai Elantra CRDi SX AT
2.887639,Chevrolet Spark 1.0 LT
2.887639,Hyundai i20 1.2 Spotz
2.887639,Hyundai Xcent 1.1 CRDi Base
2.8775775,Honda Jazz 1.2 V CVT i VTEC
2.887639,Honda Brio S MT
2.8775775,Mercedes-Benz E-Class E250 CDI Avantgrade
2.887639,Tata Hexa XT
2.887639,Hyundai Xcent 1.1 CRDi Base
2.887639,Ford Ecosport 1.5 DV5 MT Titanium Optional
2.8775775,Tata Nano XTA
2.8357325,Honda Brio VX
2.887639,Maruti Ertiga SHVS ZDI Plus
2.887639,Hyundai i10 Sportz 1.2
0.09874811,Hyundai Santro Xing XO
2.887639,Mahindra XUV500 W10 2WD
2.887639,Volkswagen Vento Diesel Highline
2.887639,Tata Safari Storme 2012-2015 VX
2.887639,Honda Accord 2.4 Elegance M/T
2.887639,Maruti Eeco 7 Seater Standard
2.887639,Maruti Swift VDI
2.8775775,Maruti Baleno Zeta Automatic
2.887639,Mahindra XUV500 W8 2WD
2.887639,Hyundai Xcent 1.2 Kappa S
2.8775775,Mercedes-Benz New C-Class C 220 CDI Style
2.887639,Skoda Superb 1.8 TSI MT
2.887639,Volkswagen CrossPolo 1.5 TDI
2.887639,Maruti Ignis 1.2 Delta
2.887639,Maruti Swift VDI BSIV
2.887639,Honda City i VTEC VX Option
2.8775775,BMW 5 Series 530d Highline Sedan
2.887639,Skoda Laura Ambiente
2.8775775,Volkswagen Polo GT TSI
2.887639,Renault Duster 85PS Diesel RxL
2.8775775,Honda City 1.5 S AT
2.887639,Volkswagen Vento Diesel Highline
2.8357325,Hyundai Grand i10 Sportz
2.8357325,Ford Fiesta 1.4 ZXi Duratec
2.8357325,Hyundai Xcent 1.1 CRDi S
2.887639,Honda Amaze VX i-DTEC
2.8775775,Honda City i VTEC CVT VX
2.8357325,Renault Fluence 1.5
2.8775775,BMW 5 Series 520d Luxury Line
2.887639,Maruti SX4 ZXI MT BSIV
2.8775775,Honda City ZX CVT
2.887639,Volkswagen Ameo 1.2 MPI Comfortline
2.887639,Volkswagen Ameo 1.2 MPI Comfortline
2.8775775,Audi A4 2.0 TDI Multitronic
2.8357325,Maruti Wagon R VXI
2.8775775,Hyundai Verna SX CRDi AT
2.8775775,Mercedes-Benz GLC 220d 4MATIC Style
2.8775775,BMW 3 Series Luxury Line
2.8357325,Honda Mobilio V Option i DTEC
2.8775775,Hyundai Creta 1.6 CRDi AT SX Plus
2.887639,Honda City 1.5 S MT
2.887639,Ford Fiesta 1.4 TDCi EXI
2.887639,Maruti Swift Dzire LDI
2.8775775,Mercedes-Benz E-Class E250 CDI Launch Edition
2.887639,Chevrolet Captiva LT
2.887639,Toyota Innova 2.5 V Diesel 7-seater
2.887639,Mahindra Quanto C8
2.887639,Honda City i VTEC V
2.8775775,Audi A4 2.0 TDI 177 Bhp Premium Plus
2.887639,Volkswagen Polo Diesel Comfortline 1.2L
2.8775775,Ford EcoSport 1.5 Petrol Titanium Plus AT
2.887639,Toyota Innova 2.5 G (Diesel) 7 Seater BS IV
2.8593268,Honda City 1.5 EXI
2.887639,Maruti SX4 Green Vxi (CNG)
2.887639,Maruti Alto 800 2016-2019 LXI Optional
2.8775775,Mercedes-Benz M-Class ML 320 CDI
2.887639,Maruti Swift Dzire LDI
2.887639,Maruti Vitara Brezza ZDi Plus Dual Tone
2.8775775,Volvo S60 D5 Summum
2.8775775,Toyota Fortuner 4x2 AT
2.887639,Hyundai i20 Sportz Option Diesel
2.8775775,Audi A4 35 TDI Premium
2.8357325,Nissan Terrano XV D Pre
2.8775775,Maruti Celerio ZXI AMT
0.09874811,Maruti Esteem Vxi
2.8775775,Hyundai i10 Sportz AT
2.8775775,BMW 3 Series 320d
2.887639,Hyundai Grand i10 Sportz
2.8775775,Hyundai Grand i10 Asta Option AT
2.887639,Hyundai Grand i10 1.2 Kappa Sportz
2.887639,Volkswagen Polo 1.2 MPI Comfortline
2.8357325,Honda City ZX EXi
2.8775775,Mercedes-Benz GLA Class 200 CDI
2.887639,Maruti Omni 8 Seater BSIV
2.8775775,Hyundai Verna 1.6 SX VTVT AT
2.887639,Maruti Alto 800 LXI
2.887639,Maruti Vitara Brezza ZDi Plus Dual Tone
2.887639,Mahindra XUV500 W8 2WD
2.887639,Maruti Vitara Brezza ZDi
2.887639,Hyundai i20 1.2 Spotz
2.8775775,Mercedes-Benz E-Class 250 D W 210
2.887639,Maruti Alto LXi
2.887639,Honda Amaze S i-Vtech
2.8775775,Land Rover Range Rover Sport HSE
2.887639,Hyundai Grand i10 CRDi Magna
2.887639,Honda Civic 2006-2010 1.8 S MT
2.8357325,Hyundai Grand i10 CRDi Magna
2.8357325,Maruti 800 AC Uniq
2.887639,Toyota Etios Liva Diesel
2.887639,Hyundai i20 Magna 1.4 CRDi
2.887639,Maruti Alto K10 VXI
2.825671,BMW X1 sDrive20d
2.8775775,Maruti Celerio VXI AT
2.825671,Skoda Superb Elegance 1.8 TSI AT
2.887639,Mahindra Xylo E4
2.887639,Mahindra XUV500 W8 2WD
2.887639,Maruti Swift Dzire VXI
2.887639,Ford Ecosport 1.0 Ecoboost Platinum Edition
2.887639,Toyota Corolla Altis Diesel D4DG
2.887639,Hyundai i20 2015-2017 1.2 Magna
2.887639,Renault Captur 1.5 Diesel Platine Mono
2.8775775,Mercedes-Benz E-Class 280 CDI
2.887639,Maruti Baleno RS 1.0 Petrol
2.8775775,Nissan Sunny 2011-2014 XL AT Special Edition
2.8775775,Hyundai Grand i10 AT Asta
2.887639,Maruti Ciaz Zeta
2.887639,Hyundai Xcent 1.2 Kappa S
2.887639,Hyundai Verna 1.6 SX CRDi (O)
2.887639,Maruti Wagon R VXI 1.2
2.8357325,Hyundai Verna CRDi
2.887639,Toyota Etios Liva G
2.887639,Mahindra Xylo E4 ABS BS III
2.887639,Toyota Etios Liva GD
2.887639,Mahindra Thar DI 4X4
2.8357325,Nissan X-Trail SLX MT
2.8775775,Toyota Innova Crysta 2.8 ZX AT
2.887639,Hyundai Creta 1.4 CRDi S
2.887639,Maruti Swift VDI
2.887639,Hyundai Verna 1.6 CRDI SX Option
2.8357325,Maruti Alto LXi BSIII
2.887639,Maruti S Cross DDiS 200 Alpha
2.887639,Hyundai EON Era
2.887639,Nissan Terrano XL
2.887639,Hyundai EON Era
2.887639,Tata Zest Quadrajet 1.3 XT
2.825671,Mercedes-Benz E-Class 2009-2013 E250 CDI Elegance
2.825671,Audi Q5 2.0 TDI Premium Plus
2.8357325,Ford Fiesta 1.6 ZXi Leather
2.8775775,BMW 3 Series 320d Prestige
2.887639,Maruti Baleno RS 1.0 Petrol
2.8775775,Mercedes-Benz E-Class 2009-2013 E250 CDI Blue Efficiency
1.424048,Ford Endeavour Hurricane LE
2.887639,Hyundai i10 Sportz 1.2
2.887639,Hyundai Grand i10 Asta Option
2.887639,Honda Brio S MT
2.887639,Hyundai i20 Magna 1.4 CRDi (Diesel)
2.887639,Volkswagen Polo Petrol Highline 1.2L
2.8357325,Honda City 1.5 EXI
2.887639,Skoda Octavia Ambiente 1.9 TDI
2.887639,Ford Endeavour 2.5L 4X2
2.8357325,Chevrolet Cruze LTZ
-0.4480288,Honda CR-V AT With Sun Roof
2.887639,Honda Mobilio V i DTEC
2.8357325,Maruti Ertiga VDI
2.887639,Hyundai Grand i10 Sportz
2.8775775,Jaguar XF 3.0 Litre S Premium Luxury
2.887639,Honda Amaze VX i-Vtech
2.8775775,Audi A6 2.7 TDI
2.887639,Hyundai i20 1.2 Spotz
2.887639,Volkswagen Ameo 1.2 MPI Highline Plus 16
2.8775775,Renault Fluence 2.0
2.887639,Maruti Alto K10 VXI
2.887639,Maruti Alto Std
2.887639,Maruti Wagon R VXI BS IV
2.887639,Fiat Linea 1.3 Emotion
2.887639,Maruti Swift Dzire Vdi BSIV
2.887639,Renault Scala Diesel RxL
2.887639,Hyundai i20 Magna
2.887639,Hyundai Xcent 1.2 Kappa SX Option
2.887639,Maruti Wagon R LXI
2.887639,Mahindra XUV500 W8 2WD
2.8775775,Toyota Fortuner 4x2 AT
2.887639,Renault Duster 110PS Diesel RxZ Plus
2.8357325,Hyundai Santro Xing GLS
2.8357325,Hyundai Verna 1.6 SX VTVT
2.825671,BMW X1 sDrive 20d Exclusive
2.8775775,Honda Civic 2006-2010 1.8 V AT
2.8775775,Audi A6 35 TFSI Matrix
2.887639,Maruti Wagon R LXI BS IV
2.887639,Maruti Vitara Brezza ZDi Plus Dual Tone
2.825671,Land Rover Discovery 3 TDV6 Diesel Automatic
2.8775775,Maruti Dzire New
2.887639,Hyundai Verna VTVT 1.6 SX
2.887639,Maruti Ertiga ZDI Plus
2.887639,Hyundai Accent GLE
2.887639,Hyundai i20 1.2 Sportz
2.887639,Hyundai Verna VTVT 1.6 SX
2.887639,Maruti Alto LX
2.8357325,Mahindra Scorpio VLX
2.887639,Maruti Wagon R LXI
2.8357325,Hyundai i20 1.2 Sportz
2.887639,Maruti Ritz VDi
2.825671,Renault Koleos 2.0 Diesel
2.8775775,BMW 3 Series 320d
2.887639,Honda Brio V MT
2.8357325,Hyundai Sonata GOLD
2.887639,Maruti Swift Dzire VDi
2.887639,Mahindra XUV500 W8 4WD
2.887639,Hyundai i10 Sportz 1.1L
2.887639,Maruti Ciaz ZXi Plus
2.887639,Toyota Innova 2.5 V Diesel 8-seater
2.887639,Hyundai Grand i10 Sportz
2.887639,Chevrolet Optra Magnum 2.0 LS BSIII
2.887639,Mahindra Ssangyong Rexton RX5
2.887639,Mahindra XUV500 W8 2WD
2.8357325,Honda City i VTEC SV
2.887639,Ford Ecosport 1.5 DV5 MT Titanium
2.887639,Hyundai i20 Sportz 1.2
2.8775775,Mercedes-Benz CLA 200 CDI Sport
2.887639,Hyundai EON Magna
2.8357325,Maruti Alto 800 2016-2019 CNG LXI
2.887639,Toyota Etios G Safety
2.887639,Maruti Swift Dzire Tour LDI
2.887639,Maruti Alto LXi
2.887639,Maruti Celerio ZXI
2.887639,Ford Ecosport 1.5 DV5 MT Titanium Optional
2.887639,Nissan Terrano XV 110 PS Limited Edition
2.8492653,Honda Accord VTi-L AT
2.887639,Maruti Swift Ldi BSIII
2.8775775,Mahindra XUV500 AT W10 FWD
2.887639,Honda Jazz 1.2 VX i VTEC
2.887639,Honda City i VTEC V
2.8357325,Fiat Grande Punto 1.2 Dynamic
0.4882432,Maruti Estilo LXI
2.887639,Maruti Ertiga ZXI
2.887639,Nissan Micra XL
2.887639,Honda City 1.5 V MT
2.887639,Toyota Etios VX
2.8775775,BMW 3 Series 320d Luxury Line
2.887639,Honda Jazz 1.2 SV i VTEC
2.887639,Maruti Dzire VDI
2.887639,Skoda Rapid 1.6 TDI Elegance
2.887639,Mahindra XUV500 W6 2WD
2.8775775,Hyundai Grand i10 AT Asta
2.8357325,Honda City 1.5 V MT
2.8357325,Toyota Innova 2.5 GX 7 STR
2.8357325,Mahindra XUV500 W8 2WD
2.887639,Maruti Swift Dzire VDi
2.8357325,Volkswagen Vento Petrol Highline
0.09874811,Toyota Etios GD
2.825671,Audi A4 2.0 TDI
2.887639,Maruti Ertiga LXI
2.8357325,Toyota Corolla Altis 1.8 G CNG
2.8357325,Maruti 800 AC
2.887639,Honda City 1.5 V MT
2.887639,Maruti Swift Dzire VXI
2.8775775,Toyota Camry Hybrid
2.887639,Hyundai Grand i10 CRDi Sportz
2.8775775,Toyota Innova Crysta 2.8 GX AT 8S
2.887639,Hyundai i10 Magna
2.8775775,Hyundai Grand i10 AT Asta
2.887639,Maruti Baleno Alpha Diesel
2.8775775,Skoda Superb Style 1.8 TSI AT
2.8775775,Mercedes-Benz New C-Class 220 CDI AT
2.887639,Maruti Ritz VDi
2.887639,Maruti Swift Dzire Tour LDI
2.887639,Honda Civic 2010-2013 1.8 V MT
2.887639,Maruti Ertiga SHVS VDI
2.887639,Hyundai Elantra CRDi SX
2.8775775,Toyota Fortuner 4x2 AT
2.8775775,Volkswagen Polo GT TSI
2.8593268,Skoda Octavia Classic 1.9 TDI MT
2.887639,Volkswagen Polo 1.5 TDI Trendline
2.8357325,Hyundai Santro Xing GL Plus
2.887639,Hyundai Accent GLE
2.8357325,Hyundai EON D Lite Plus
2.887639,Toyota Innova 2.5 V Diesel 7-seater
2.887639,Maruti Ignis 1.3 Zeta
2.887639,Maruti Ciaz Alpha
2.887639,Maruti Swift Dzire VXi
2.8775775,Honda City i VTEC CVT VX
0.09874811,Maruti Swift VDI BSIV W ABS
2.887639,Honda Brio S MT
2.887639,Toyota Etios Liva GD
2.8775775,Volvo XC60 D5
2.887639,Tata Indigo CS eGVX
2.825671,Toyota Innova Crysta 2.8 ZX AT
2.887639,Volkswagen Vento Diesel Highline
2.887639,Ford Ecosport 1.5 DV5 MT Titanium
2.887639,Maruti Wagon R VXI
2.887639,Mercedes-Benz S-Class 320 L
2.887639,Volkswagen Polo 1.5 TDI Highline
2.8357325,Tata Indica GLS BS IV
2.8357325,Maruti 800 Std BSIII
2.887639,Jeep Compass 2.0 Longitude
2.887639,Maruti Alto K10 LXI Optional
2.8775775,Skoda Octavia Elegance 2.0 TDI AT
2.887639,Maruti Swift Dzire VDI Optional
2.887639,Maruti Ciaz VDi Plus SHVS
2.8357325,Mercedes-Benz New C-Class C 220 CDI CLASSIC
2.887639,Ford Figo Diesel ZXI
2.825671,Toyota Corolla Altis VL
2.887639,Maruti SX4 S Cross DDiS 320 Zeta
2.887639,Ford Figo Petrol ZXI
2.8775775,Honda Jazz Exclusive CVT
2.887639,Maruti Zen LXi - BS III
2.8593268,Toyota Fortuner 3.0 Diesel
2.887639,Maruti Ciaz ZDi Plus
2.887639,Renault KWID RXT
2.8775775,Hyundai i10 Magna AT
2.8775775,Maruti Celerio ZXI AT Optional
2.887639,Hyundai Creta 1.4 E Plus Diesel
2.887639,Honda Jazz 1.5 SV i DTEC
2.887639,Honda City 1.5 S MT
2.8593268,Mitsubishi Lancer 1.5 SFXi
2.887639,Nissan Sunny XE P
2.8775775,Honda Accord 2.4 AT
2.887639,Mahindra XUV500 W8 2WD
2.887639,Hyundai i20 1.2 Magna Executive
2.887639,Nissan Micra Diesel XL
2.8775775,Maruti Ciaz AT ZXi
2.887639,Volkswagen Vento Diesel Trendline
2.887639,Hyundai i20 Asta
2.887639,Toyota Corolla Altis G
2.887639,Honda City i DTEC VX
2.8357325,Maruti Swift VXI BSIV
2.8775775,Mercedes-Benz E-Class 2009-2013 E250 CDI Elegance
2.887639,Toyota Innova 2.5 G (Diesel) 7 Seater
2.887639,Maruti Swift Lxi BSIII
2.8775775,Mercedes-Benz New C-Class C 220d Avantgarde Edition C
2.887639,Hyundai Grand i10 Asta
2.887639,Maruti Wagon R LXI BS IV
2.887639,Ford EcoSport 1.5 TDCi Titanium
2.887639,Volkswagen Polo 1.2 MPI Comfortline
2.8775775,Hyundai Verna 1.6 VTVT AT SX
2.825671,Renault KWID AMT RXL
2.8775775,Honda Brio S Option AT
2.887639,Ford Figo Aspire 1.2 Ti-VCT Titanium
2.8357325,Toyota Fortuner 3.0 Diesel
2.887639,Tata Indigo eCS eLX BS IV
2.887639,Ford Figo 2015-2019 1.5D Ambiente MT
2.887639,Maruti Swift Dzire VDI
2.887639,Nissan Micra Diesel XV Primo
2.8775775,Skoda Octavia Style Plus 2.0 TDI AT
2.8775775,Volkswagen Jetta 2013-2015 2.0L TDI Highline AT
2.8775775,Audi Q7 35 TDI Quattro Technology
2.887639,Hyundai i20 1.2 Sportz
2.8775775,BMW 3 Series 320d Corporate Edition
2.887639,Hyundai i20 Active 1.4 SX Dual Tone
2.8357325,Mahindra Scorpio 2.6 DX
0.81735146,Audi A4 3.2 FSI Tiptronic Quattro
2.887639,Ford Figo Diesel EXI
2.887639,Honda Accord 2.4 Inspire M/T
2.887639,Hyundai i20 Sportz 1.4 CRDi
2.8775775,Jaguar XF 2.2 Litre Luxury
2.8775775,Hyundai Verna 1.6 SX VTVT (O) AT
2.887639,Honda City i VTEC VX Option
2.887639,Hyundai i20 Asta Optional with Sunroof 1.2
2.887639,Honda Brio S MT
2.887639,Hyundai i20 Sportz 1.4 CRDi
2.887639,Maruti Grand Vitara 2.4 MT
2.887639,Maruti A-Star Vxi
-0.47015995,Fiat Punto 1.3 Emotion
2.887639,Maruti Alto LXi
2.887639,Mahindra XUV500 W10 2WD
2.887639,Maruti Swift RS VDI
2.8775775,BMW X1 sDrive20d
2.825671,Volkswagen Passat 2.0 PD DSG
2.8775775,BMW X3 xDrive20d
2.887639,Maruti Ritz VXi
2.8357325,Hyundai i20 Sportz 1.4 CRDi
2.887639,Maruti Swift VDI BSIV
2.887639,Mercedes-Benz New C-Class 200 Kompressor
2.8357325,Toyota Corolla Altis 1.8 GL
2.887639,Hyundai Verna 1.6 SX CRDi (O)
2.887639,Renault Duster 110PS Diesel RxZ
2.887639,Maruti Swift Ldi BSIII
2.887639,Maruti Alto K10 VXI
2.8775775,Hyundai Creta 1.6 SX Plus Petrol Automatic
2.8775775,Mercedes-Benz CLA 200 CGI Sport
2.8775775,Honda CR-V 2.4 4WD AT
2.887639,Ford Ecosport 1.5 DV5 MT Trend
2.8775775,Mercedes-Benz E-Class 2015-2017 E250 CDI Avantgarde
2.887639,Hyundai Grand i10 CRDi Magna
2.887639,Ford Fiesta 1.4 Duratec ZXI
2.8775775,Hyundai Creta 1.6 SX Automatic Diesel
2.887639,Maruti A-Star Lxi
2.887639,Maruti Ritz LDi
2.887639,Honda City i VTEC SV
2.887639,Toyota Innova 2.5 GX (Diesel) 7 Seater
2.825671,Mercedes-Benz R-Class R350 4Matic Long
2.887639,Skoda Rapid 1.5 TDI Elegance
2.887639,Ford Ecosport 1.5 Ti VCT MT Titanium
2.8775775,Maruti Celerio VXI AT
2.887639,Volkswagen Vento Petrol Highline
2.8775775,Volvo XC60 D5
2.887639,Toyota Etios Cross 1.4 GD
2.887639,Tata Indica Vista TDI LX
2.8775775,Honda City i VTEC CVT VX
2.887639,Honda City 1.5 V MT
2.887639,Skoda Octavia Rider Classic 1.9 TDI
2.887639,Toyota Corolla 1.8 J
2.887639,Toyota Etios G
2.8775775,BMW X1 sDrive20d
2.8775775,Honda City ZX CVT
2.887639,Hyundai i20 Sportz 1.4 CRDi
2.8775775,Mercedes-Benz E-Class E350 CDI
2.887639,Hyundai Creta 1.6 CRDi SX Option
2.825671,Audi Q3 2012-2015 2.0 TDI Quattro Premium Plus
2.8775775,Land Rover Discovery Sport TD4 HSE
2.8775775,Skoda Rapid 1.5 TDI AT Elegance Plus
2.8775775,Maruti Celerio VXI AT
2.8775775,Audi RS5 Coupe
2.887639,Maruti Ciaz ZXi Plus
2.8775775,Audi Q5 2.0 TDI Premium Plus
2.8357325,Ford Figo Diesel Titanium
2.887639,Ford Ecosport 1.0 Ecoboost Titanium
2.8357325,Honda City 1.5 S MT
2.8775775,Jaguar XF 2.2 Litre Luxury
2.8357325,Maruti Swift VXI BSIV
2.8775775,BMW 5 Series 520d Luxury Line
2.8775775,Mercedes-Benz B Class B200 CDI
2.887639,Honda Brio S MT
2.887639,Hyundai i20 Sportz 1.2
2.8357325,Tata Indica V2 DLG TC
2.887639,Toyota Fortuner 3.0 Diesel
2.887639,Hyundai i10 Sportz 1.1L
2.887639,Hyundai i20 1.2 Sportz Option
0.013612734,Maruti Baleno LXI - BSIII
2.825671,Honda Amaze S AT i-Vtech
2.8775775,Land Rover Range Rover 3.0 Diesel LWB Vogue
0.09874811,Toyota Etios Liva GD
2.825671,Hyundai i10 Sportz 1.2 AT
2.887639,Volkswagen Polo Diesel Trendline 1.2L
2.887639,Maruti Baleno RS Petrol
2.887639,Hyundai i20 Sportz 1.4 CRDi
2.8775775,Toyota Corolla H4
2.887639,Toyota Innova 2.5 VX (Diesel) 7 Seater
2.8775775,Maruti Celerio VXI AT Optional
2.8775775,Skoda Octavia Elegance 2.0 TDI AT
2.887639,Honda Mobilio S i VTEC
2.8357325,Hyundai Verna 1.6 CRDi SX
2.8357325,Honda City 1.5 S MT
2.8357325,Ford Classic 1.4 Duratorq Titanium
2.8357325,Maruti Ciaz ZDi
2.887639,Maruti Wagon R VXI BS IV
2.8775775,Audi A4 3.0 TDI Quattro
2.8775775,Toyota Camry Hybrid 2.5
2.887639,Hyundai i20 Asta 1.2
2.887639,Maruti SX4 Green Vxi (CNG)
2.887639,Hyundai Grand i10 1.2 Kappa Asta
2.887639,Volkswagen Polo Diesel Trendline 1.2L
2.8775775,BMW X5 xDrive 30d M Sport
2.887639,Volkswagen Polo Petrol Comfortline 1.2L
2.887639,Renault Duster 85PS Diesel RxE
2.8775775,Skoda Superb Style 1.8 TSI AT
2.8775775,Audi Q5 2.0 TDI
2.887639,Maruti Baleno Delta 1.3
2.887639,Volkswagen Polo Petrol Comfortline 1.2L
2.8775775,Mitsubishi Pajero Sport 4X4 AT
2.887639,Maruti Ciaz VXi Plus
2.887639,Renault Duster 85PS Diesel RxL Option
2.887639,Hyundai EON D Lite Plus Option
2.8357325,Honda CR-V 2.4 MT
2.8357325,Hyundai Verna 1.6 SX VTVT
2.887639,Toyota Corolla Altis JS MT
2.887639,Maruti SX4 ZXI MT BSIV
2.887639,Volkswagen Polo Petrol Comfortline 1.2L
2.8775775,Audi Q5 30 TDI quattro Premium Plus
2.887639,Honda City 1.5 V MT
2.887639,Maruti Wagon R VXI
2.8775775,Mitsubishi Pajero Sport 4X4 AT
2.8775775,Skoda Octavia Elegance 1.8 TSI AT
2.887639,Hyundai Creta 1.6 CRDi SX Option
2.8357325,Maruti Alto LXi BSIII
2.887639,Honda City V MT
2.887639,Datsun redi-GO S
2.887639,Skoda Yeti Ambition 4WD
2.8775775,Mercedes-Benz B Class B180
2.825671,Volkswagen Polo GT TSI
2.887639,Ford EcoSport 1.5 TDCi Titanium
2.887639,Hyundai Creta 1.6 SX Plus Dual Tone Petrol
2.887639,Toyota Fortuner 2.8 2WD MT
2.887639,Maruti Swift Dzire ZXI
2.887639,Hyundai i20 1.2 Asta with AVN
2.887639,Honda BR-V i-VTEC S MT
2.887639,Maruti Celerio ZXI
2.825671,Mercedes-Benz E-Class 2009-2013 E350 Petrol
2.887639,Hyundai i10 Magna 1.2 iTech SE
2.887639,Toyota Etios Liva V
2.8775775,Mercedes-Benz E-Class 2015-2017 E250 Edition E
2.887639,Hyundai EON D Lite Plus
2.887639,Maruti Wagon R CNG LXI
2.887639,Honda City 1.5 S MT
2.8775775,Mercedes-Benz S-Class 280 AT
2.8357325,Tata Indigo CS eVX
2.887639,Hyundai Creta 1.6 VTVT S
2.887639,Maruti Wagon R LXI BS IV
2.887639,Maruti Dzire VDI
2.887639,Ford Ikon 1.3 Flair
2.887639,Volkswagen Polo Petrol Comfortline 1.2L
2.887639,Hyundai i10 Magna 1.2
2.887639,Chevrolet Enjoy 1.3 TCDi LTZ 8
-0.5049376,Land Rover Range Rover 3.0 D
2.825671,Mercedes-Benz E-Class 200 Kompressor Elegance
2.887639,Maruti Swift Vdi BSIII
2.887639,Mahindra XUV500 W8 4WD
2.887639,Toyota Etios Liva G
2.887639,Mahindra XUV500 W8 4WD
2.887639,Hyundai Creta 1.6 VTVT S
2.887639,Honda City i DTEC SV
2.887639,Maruti Swift Dzire VDi
2.887639,Maruti Wagon R LXI BS IV
2.887639,Hyundai EON Era Plus
2.8775775,Toyota Innova Crysta 2.8 ZX AT
2.8357325,Hyundai Creta 1.6 SX Option
2.887639,Maruti Wagon R VXI Plus
2.8775775,Mercedes-Benz GL-Class 350 CDI Blue Efficiency
2.887639,Maruti Celerio VXI
2.887639,Mahindra Scorpio SLE BSIV
2.887639,Datsun redi-GO T Option
2.887639,Fiat Grande Punto EVO 1.3 Active
2.887639,Hyundai Elantra CRDi SX
2.887639,Maruti Swift Dzire LXI
2.8775775,Audi A4 2.0 TDI Multitronic
2.8775775,Honda Brio VX AT
2.887639,Maruti Wagon R LXI BS IV
2.887639,Hyundai i10 Magna 1.1
2.887639,Hyundai Verna 1.6 SX
2.8357325,Hyundai Verna 1.6 SX
2.887639,Maruti Ritz VDi
2.887639,Hyundai Creta 1.6 SX Option Diesel
2.887639,Maruti Baleno Delta
2.887639,Hyundai Verna 1.6 CRDI
2.8357325,Tata Indica Vista Quadrajet VX
2.887639,Hyundai i20 1.2 Magna
2.8775775,Porsche Panamera Diesel
2.887639,Maruti Eeco Smiles 5 Seater AC
2.825671,BMW 3 Series 320d Sport
2.8357325,Maruti Ertiga VDI
2.8775775,Hyundai Xcent 1.2 Kappa AT S Option
2.825671,Volkswagen Vento 1.2 TSI Highline AT
2.8775775,Audi Q3 35 TDI Quattro Premium
2.887639,Hyundai i10 Magna 1.1
2.8775775,Volkswagen Jetta 2013-2015 2.0L TDI Highline AT
2.887639,Maruti Baleno RS 1.0 Petrol
2.887639,Hyundai i10 Era
2.887639,Toyota Innova 2.5 G4 Diesel 8-seater
2.8357325,Chevrolet Beat LT
2.887639,Toyota Innova 2.5 G3
2.8357325,Honda Accord 2.4 Inspire M/T
2.887639,Mahindra KUV 100 mFALCON D75 K4 Plus
2.887639,Volkswagen Polo Diesel Trendline 1.2L
2.887639,Toyota Innova 2.0 GX 8 STR
2.8775775,Mahindra Scorpio VLX AT AIRBAG BSIV
2.8775775,BMW 7 Series 730Ld Sedan
2.887639,Honda City i-DTEC SV
2.887639,Volkswagen Polo Diesel Comfortline 1.2L
2.887639,Mahindra XUV500 W8 2WD
2.887639,Volkswagen Vento 1.6 Highline
2.887639,Honda City i VTEC V
2.8775775,Audi Q5 2.0 TDI Premium Plus
2.8775775,Honda City 1.5 V AT Exclusive
2.887639,Maruti Swift VXI BSIV
2.887639,Maruti Alto 800 LXI
2.887639,Ford Figo Diesel Titanium
2.887639,Hyundai Santro Xing GL Plus
2.887639,Maruti Wagon R VXI
2.887639,Honda City i DTEC SV
2.8357325,Honda City V MT AVN
2.887639,Honda City i DTEC VX
2.887639,Hyundai Verna VTVT 1.6 SX
2.887639,Maruti Alto K10 LXI
2.8775775,Mercedes-Benz E-Class 2009-2013 E250 CDI Avantgarde
2.8775775,BMW X6 xDrive30d
2.887639,Maruti Wagon R LXI BSIII
2.8357325,Renault Duster RXZ AWD
2.887639,Mahindra Scorpio VLX 2.2 mHawk Airbag BSIV
2.8775775,Ford Endeavour 3.2 Trend AT 4X4
2.887639,Maruti Zen Estilo LXI BS IV
-0.52052397,Hyundai Santro Xing XG
2.887639,Hyundai i10 Asta
2.8775775,Honda Brio VX AT
2.8775775,Maruti Wagon R AMT VXI
2.8775775,Audi Q3 30 TDI Premium FWD
2.8948035,Mercedes-Benz M-Class ML 350 4Matic
2.887639,Maruti Wagon R LXI
2.8775775,Audi A4 35 TDI Premium Plus
2.887639,Renault KWID RXT Optional
2.887639,Maruti Alto 800 2016-2019 VXI
2.887639,Toyota Innova 2.5 GX (Diesel) 8 Seater
2.8775775,Toyota Corolla Altis 2008-2013 1.8 VL AT
2.887639,Ford Figo 2015-2019 1.5D Titanium Plus MT
2.887639,Honda Brio S MT
2.8357325,Ford Ikon 1.6 ZXI NXt
2.887639,Mahindra Scorpio 2009-2014 LX 2WD 7S
2.887639,Mercedes-Benz S-Class 320 L
2.8357325,Mahindra Scorpio SLE BSIV
2.825671,Land Rover Freelander 2 SE
2.887639,Chevrolet Beat LS
2.887639,Maruti Swift ZDi
2.8357325,Toyota Corolla H2
2.8775775,Audi Q5 3.0 TDI Quattro
2.887639,Hyundai EON Era Plus
2.887639,Honda Amaze S Petrol
2.8775775,Ford Figo Aspire 1.5 Ti-VCT Titanium
2.825671,Renault Duster 110PS Diesel RxL AMT
2.8775775,Honda City V AT
2.887639,Maruti Alto LXi
2.887639,Hyundai i10 Magna 1.2
2.8357325,Chevrolet Spark 1.0 LS
2.887639,Skoda Rapid 1.5 TDI Ambition Plus
2.8775775,Audi A6 2011-2015 2.0 TDI Premium Plus
2.887639,Honda Jazz 1.2 V i VTEC
2.887639,Hyundai Creta 1.6 SX Plus Dual Tone Petrol
2.887639,Chevrolet Beat LS
2.887639,Datsun redi-GO T Option
2.887639,Hyundai Xcent 1.2 Kappa S Option
2.8775775,Mercedes-Benz E-Class 230 E AT
2.8357325,Maruti Swift ZDi
2.887639,Maruti Celerio ZXI
2.8775775,Skoda Octavia Elegance 2.0 TDI AT
2.8775775,Honda City 1.5 V AT
2.825671,Honda Accord V6 AT
2.8775775,Skoda Superb Style 1.8 TSI AT
2.887639,Toyota Innova 2.5 G (Diesel) 8 Seater
2.8775775,Maruti Celerio VXI AT
2.887639,Maruti Ertiga VDI
2.8775775,Mercedes-Benz A Class A180 CDI
2.887639,Mahindra Xylo E2
2.887639,Honda Amaze E i-Dtech
2.887639,Renault KWID RXT
2.887639,Renault KWID RXT
2.8775775,Audi Q7 3.0 TDI Quattro Premium Plus
2.8775775,Hyundai Verna 1.6 SX CRDI (O) AT
2.8775775,Toyota Innova Crysta 2.8 ZX AT
2.887639,Hyundai i20 Sportz Option
2.887639,Volkswagen Polo Petrol Comfortline 1.2L
2.887639,Volkswagen Vento Diesel Trendline
2.8357325,Honda City ZX GXi
2.887639,Hyundai Verna Transform Xxi ABS
2.8357325,Hyundai Accent GLE
2.8775775,Skoda Laura Ambiente 2.0 TDI CR AT
2.8775775,Mercedes-Benz E-Class 2009-2013 E 250 Elegance
2.887639,Hyundai i20 Sportz 1.2
2.887639,Hyundai i10 Magna 1.2
2.8357325,Hyundai i10 Magna 1.1L
2.887639,Volkswagen Ameo 1.2 MPI Anniversary Edition
2.8775775,Toyota Camry 2.5 G
2.8357325,Mahindra XUV500 W8 2WD
2.8775775,Skoda Superb Elegance 2.0 TDI CR AT
2.8775775,Maruti Wagon R VXI AMT
2.887639,Maruti Vitara Brezza ZDi Plus Dual Tone
2.7755117,Hyundai Santro Xing GL
2.887639,Volkswagen Vento Diesel Comfortline
2.887639,Volkswagen Polo 1.5 TDI Highline
2.887639,Maruti Swift ZDi
2.887639,Hyundai i10 Era 1.1
2.887639,Mahindra XUV500 W8 2WD
2.887639,Maruti Ertiga VDI
2.887639,Mahindra XUV500 W8 2WD
2.8357325,Tata Manza Aura Quadrajet BS IV
2.8775775,Mercedes-Benz E-Class 280 CDI
2.887639,Maruti SX4 Zxi with Leather BSIII
2.8775775,Maruti Wagon R AMT VXI
2.887639,Datsun GO NXT
2.887639,Ford Figo Diesel ZXI
2.8775775,Skoda Superb Elegance 2.0 TDI CR AT
2.887639,Hyundai i20 1.2 Magna
2.8775775,Toyota Innova Crysta 2.8 ZX AT
2.887639,Honda Brio V MT
2.8775775,Skoda Superb Elegance 2.0 TDI CR AT
2.8775775,Mercedes-Benz E-Class 2015-2017 E250 CDI Avantgarde
2.825671,Toyota Fortuner 4x2 AT TRD Sportivo
2.887639,Maruti SX4 ZXI MT BSIV
2.887639,Honda Jazz 1.5 V i DTEC
2.8775775,Toyota Corolla Altis 2008-2013 1.8 VL AT
2.887639,Honda City ZX VTEC
2.8775775,BMW X1 xDrive 20d M Sport
2.887639,Maruti Swift DDiS VDI
2.887639,Mahindra KUV 100 mFALCON D75 K8
2.887639,Honda Jazz Mode
2.887639,Maruti Swift ZXI
2.8775775,Hyundai Grand i10 Asta Option AT
2.887639,Honda Amaze SX i-VTEC
2.887639,Hyundai Grand i10 1.2 Kappa Sportz
2.887639,Volkswagen Vento Diesel Comfortline
2.887639,Maruti Ciaz 1.3 S
2.825671,Volkswagen Vento Petrol Highline AT
2.887639,Hyundai i20 1.2 Magna
2.8775775,Honda Brio VX AT
2.887639,Honda City i VTEC VX
2.887639,Tata Nano XT
2.8775775,Mercedes-Benz S Class 2005 2013 S 350 L
2.887639,Maruti Wagon R LXI BSIII
2.8775775,Skoda Superb Elegance 1.8 TSI AT
2.8775775,Audi Q7 35 TDI Quattro Technology
2.887639,Maruti Swift ZXI Plus
2.887639,Toyota Innova 2.5 G4 Diesel 7-seater
2.8775775,BMW 3 Series 320i Sedan
2.8775775,Mercedes-Benz GLA Class 200 CDI SPORT
2.887639,Toyota Innova Crysta 2.4 VX MT 8S
0.05305572,Maruti Esteem LX BSII
2.887639,Maruti Swift VDI BSIV
2.887639,Toyota Innova 2.5 GX (Diesel) 7 Seater
0.09874811,Toyota Etios Liva GD
2.887639,Chevrolet Beat LT
2.8357325,Ford Ikon 1.4 TDCi DuraTorq
2.8775775,Mercedes-Benz New C-Class C 220 CDI Avantgarde
2.887639,Toyota Etios G
2.887639,Toyota Innova 2.5 GX (Diesel) 7 Seater BS IV
2.8775775,BMW 6 Series Gran Coupe
2.887639,Skoda Rapid 1.5 TDI Ambition
2.887639,Hyundai EON Magna
2.8775775,Honda CR-V 2.4L 4WD AT
2.8775775,Skoda Laura Elegance 2.0 TDI CR AT
2.8357325,Skoda Laura RS
2.887639,Honda City i DTec S
2.8357325,Tata New Safari 4X4 EX
2.887639,Maruti Zen Estilo LXI BS IV
2.887639,Honda Amaze S i-VTEC
2.887639,Renault KWID 1.0 RXL
2.8775775,Maruti Ciaz AT ZXi
2.887639,Hyundai i20 Asta Option 1.4 CRDi
2.887639,Toyota Innova Crysta 2.4 ZX MT
2.887639,Maruti Ciaz ZDi Plus SHVS
2.8775775,Jaguar XF Diesel
2.887639,Hyundai Xcent 1.2 Kappa S
2.8775775,Porsche Cayenne Diesel
2.887639,Hyundai Xcent 1.1 CRDi S
2.8775775,Audi A4 2.0 TDI Multitronic
2.887639,Maruti Ciaz RS ZXi Plus
2.887639,Toyota Innova 2.5 G4 Diesel 8-seater
2.887639,Mercedes-Benz New C-Class 220 CDI MT
2.887639,Hyundai i10 Sportz
2.8775775,Hyundai i10 Sportz 1.2 AT
2.887639,Maruti Baleno Zeta 1.3
2.887639,Maruti Zen Estilo 1.1 VXI BSIII
2.8775775,BMW 7 Series 730Ld
2.8775775,Audi Q7 4.2 TDI Quattro Technology
2.8775775,BMW X5 xDrive 30d
2.887639,Maruti Ritz LXI
2.887639,Nissan Sunny 2011-2014 Diesel XL
2.887639,Toyota Corolla Altis 1.8 Limited Edition
2.887639,Toyota Etios VXD
2.887639,Toyota Corolla Altis GL MT
2.8775775,Audi A6 2011-2015 2.0 TDI Premium Plus
2.887639,Maruti Ertiga ZDI
2.887639,Hyundai Grand i10 Sportz
2.8357325,Tata Indigo CS LX (TDI) BS III
2.8775775,Maruti Swift Dzire AMT ZDI
2.887639,Volkswagen Polo Petrol Highline 1.6L
2.887639,Tata Tiago 1.2 Revotron XZ WO Alloy
2.887639,Honda City i VTEC VX
2.887639,Honda Amaze V Petrol
2.8775775,Audi A4 35 TDI Premium
2.8775775,Volkswagen Vento Petrol Highline AT
2.887639,Volkswagen Vento Diesel Trendline
2.887639,Honda City 1.5 S MT
2.887639,Maruti Wagon R LXI
2.8775775,Skoda Superb 2.8 V6 AT
2.887639,Honda City i DTEC SV
2.887639,Maruti Wagon R LXI CNG
2.8948035,Mercedes-Benz M-Class ML 350 4Matic
2.887639,Maruti Alto 800 LXI
2.887639,Hyundai i20 Magna 1.2
2.887639,Ford Ecosport 1.5 DV5 MT Trend
2.8775775,BMW 3 Series GT 320d Luxury Line
2.825671,BMW X5 xDrive 30d
2.8357325,Honda Amaze S i-Vtech
2.887639,Ford EcoSport 1.5 Ti VCT MT Titanium
2.8775775,Jaguar XF 3.0 Litre S Premium Luxury
2.887639,Toyota Corolla 1.8 J
2.8357325,Hyundai i10 Sportz
2.8775775,Mercedes-Benz New C-Class C220 CDI Executive Edition
2.8357325,Skoda Laura Ambiente 2.0 TDI CR MT
2.887639,Ford Endeavour 4x2 XLT
2.887639,Ford Figo Petrol EXI
2.887639,Honda Amaze S i-Vtech
2.887639,Tata Indica Vista TDI LS
2.825671,Volvo XC60 D4 Summum
2.887639,Datsun Redi GO Sport
2.887639,Hyundai EON Era Plus
2.887639,Maruti Alto 800 VXI
2.8357325,Volkswagen Polo Petrol Trendline 1.2L
2.887639,Hyundai i10 Asta
2.8357325,Nissan Sunny 2011-2014 XL
2.8357325,Toyota Corolla Altis G
2.8357325,Hyundai Verna CRDi ABS
2.887639,Maruti Alto 800 2016-2019 LXI Optional
2.887639,Hyundai i20 Sportz 1.4 CRDi
2.8775775,Hyundai Verna 1.6 CRDi AT S
2.8775775,Audi Q7 3.0 TDI Quattro Technology
2.887639,Tata Indica V2 eLS
2.887639,Chevrolet Spark 1.0 LS
2.887639,Hyundai Grand i10 1.2 Kappa Magna
2.887639,Toyota Fortuner 4x4 MT TRD Sportivo
1.5524467,Mahindra E Verito D4
2.887639,Hyundai Grand i10 1.2 Kappa Asta
2.887639,Honda City 1.5 S MT
2.887639,Hyundai Elite i20 Petrol Asta
2.887639,Toyota Innova 2.5 G4 Diesel 8-seater
2.8775775,Ford Mustang V8
2.8775775,Toyota Innova Crysta 2.8 GX AT
2.887639,Maruti Zen Estilo 1.1 VXI BSIII
2.8357325,Maruti Swift ZDi
2.887639,Fiat Avventura MULTIJET Emotion
2.887639,Maruti Zen Estilo VXI BSIII
2.887639,Renault Duster 85PS Diesel RxL
2.887639,Mitsubishi Pajero 2.8 SFX
2.8775775,Maruti Celerio VXI AT
2.887639,Tata Indica V2 DLS BSIII
2.887639,Hyundai Elite i20 Petrol Asta
2.8775775,Maruti Celerio VXI AT
2.887639,Hyundai Grand i10 1.2 Kappa Asta
2.887639,Hyundai i20 1.2 Magna Executive
2.887639,Hyundai Verna 1.6 SX VTVT (O)
2.8775775,Land Rover Freelander 2 SE
2.887639,Maruti Swift VXI BSIII
2.887639,Honda Amaze SX i-VTEC
2.887639,Toyota Corolla Altis Diesel D4DG
2.887639,Honda Amaze S Diesel
2.825671,Audi A6 3.0 TDI quattro
2.887639,Maruti Wagon R VXI
2.887639,Honda Mobilio E i DTEC
2.825671,Honda CR-V 2.4 4WD AT
2.887639,Hyundai Verna 1.6 SX VTVT (O)
2.8775775,Hyundai Santa Fe 4x4 AT
2.8775775,Hyundai i10 Sportz AT
2.8357325,Ford Fusion Plus 1.4 TDCi Diesel
2.8357325,Hyundai i10 Sportz
2.887639,Hyundai Xcent 1.1 CRDi SX Option
2.8775775,Skoda Superb Style 2.0 TDI AT
2.8357325,Ford Fiesta 1.4 Duratec EXI
2.8775775,Maruti Baleno Zeta Automatic
2.8357325,Skoda Laura 1.9 TDI MT Ambiente
2.887639,Volkswagen Vento 1.5 TDI Comfortline
2.8775775,Audi Q7 3.0 TDI Quattro Technology
2.887639,Hyundai Verna VTVT 1.6 SX Option
2.8775775,Mercedes-Benz New C-Class 220 CDI AT
2.887639,Honda Amaze S i-Dtech
2.887639,Ford Fiesta 1.4 Duratec EXI Limited Edition
2.887639,Hyundai i20 Magna Optional 1.2
2.887639,Maruti Alto 800 LXI
2.8775775,BMW 5 Series 530i Sedan
2.8357325,Fiat Grande Punto 1.4 Emotion
2.8775775,Maruti Dzire AMT ZDI Plus
2.887639,Mahindra XUV500 W6 2WD
2.8775775,Volvo XC90 2007-2015 D5 AT AWD
2.887639,Hyundai i10 Sportz 1.2
2.887639,Toyota Fortuner 3.0 Diesel
2.8775775,Tata Nano XTA
2.887639,Renault Lodgy 110PS RxZ 8 Seater
2.8775775,Audi Q7 3.0 TDI Quattro Premium Plus
2.8775775,Honda City i VTEC CVT VX
2.8357325,Renault Duster 110PS Diesel RxL
2.887639,Honda Amaze S i-VTEC
2.887639,Honda Amaze S i-Vtech
2.825671,BMW 3 Series 320i
2.887639,Maruti Ritz LDi
2.8357325,Honda City 1.5 S MT
2.8775775,BMW 3 Series 320d Sport Line
2.887639,Volkswagen Jetta 2007-2011 1.9 TDI Trendline
2.887639,Maruti Swift Dzire LXI
2.825671,Jaguar XF 2.2 Litre Executive
2.8775775,Hyundai Xcent 1.2 Kappa AT SX Option
2.887639,Toyota Innova 2.5 G (Diesel) 7 Seater BS IV
2.887639,Maruti Eeco 7 Seater Standard
2.825671,Audi A4 New 2.0 TDI Multitronic
2.887639,Toyota Innova 2.5 G (Diesel) 7 Seater BS IV
2.887639,Maruti Grand Vitara MT
2.887639,Volkswagen Vento 1.5 TDI Highline
2.887639,Hyundai Elite i20 Petrol Asta
2.887639,Ford Fiesta Classic 1.4 Duratorq CLXI
2.887639,Mitsubishi Pajero Sport 4X4
2.8357325,Hyundai Santa Fe 4X4
2.887639,Mahindra XUV500 W8 2WD
2.887639,Toyota Innova 2.5 V Diesel 8-seater
2.8775775,Mercedes-Benz GLE 350d
2.887639,Mahindra Scorpio 2009-2014 SLE 7S BSIV
2.8775775,Honda City 1.5 S AT
2.8775775,Mercedes-Benz GL-Class 2007 2012 350 CDI Luxury
2.887639,Honda City 1.5 S MT
2.8775775,Maruti Wagon R VXI AMT
2.8357325,Tata Indigo eCS GLE BSIII
2.8357325,Hyundai i20 2015-2017 1.2 Asta with AVN
2.887639,Honda Jazz Active
2.887639,Maruti A-Star Lxi
2.8775775,BMW 3 Series 320d Highline
2.887639,Skoda Yeti Elegance
2.887639,Nissan Terrano XV Premium 110 PS
2.8357325,Volkswagen Polo Diesel Comfortline 1.2L
2.8775775,BMW 3 Series 320d
2.887639,Nissan Sunny 2011-2014 XL
2.8775775,Maruti Alto K10 VXI AGS
2.887639,Maruti Ritz ZXI
2.8775775,Audi Q5 30 TDI quattro Premium Plus
2.887639,Hyundai Verna CRDi SX
2.8357325,Honda Amaze S i-Dtech
2.887639,Honda City i DTEC SV
2.8775775,Toyota Fortuner TRD Sportivo 2.8 2WD AT
2.887639,Volkswagen Vento 1.5 TDI Highline
2.8775775,BMW 5 Series 520d Luxury Line
2.8775775,BMW 3 Series 320d Sedan
2.8775775,Hyundai Creta 1.6 SX Plus Petrol Automatic
2.825671,BMW 3 Series Luxury Line
2.825671,Mercedes-Benz New C-Class C 220 CDI BE Avantgare
2.887639,Maruti Swift Dzire VDI
2.8357325,Maruti Celerio ZXI
2.8775775,BMW 3 Series 320d GT Luxury Line
2.8775775,Audi Q7 4.2 TDI Quattro Technology
2.887639,Honda Jazz V
2.887639,Tata Nano Cx BSIV
2.887639,Maruti Alto 800 2016-2019 LXI
2.887639,Maruti Wagon R VXI
2.887639,Hyundai Xcent 1.1 CRDi Base
2.8357325,Chevrolet Beat LT
2.8775775,Jaguar XF 2.2 Litre Luxury
2.8775775,Volkswagen Passat Diesel Highline 2.0 TDI
2.887639,Hyundai i20 Asta 1.4 CRDi
2.887639,Mitsubishi Pajero 2.8 SFX
2.8775775,Maruti Vitara Brezza ZDi Plus AMT Dual Tone
2.887639,Maruti Alto K10 LXI
2.887639,Hyundai EON Magna Plus
2.887639,Maruti Ciaz VDi Plus SHVS
2.887639,Hyundai Creta 1.6 CRDi SX Option
2.8775775,Skoda Superb Ambition 2.0 TDI CR AT
2.887639,Volkswagen Polo 1.5 TDI Highline
-0.43147126,BMW 5 Series 520d Sedan
2.8357325,Toyota Innova 2.5 VX (Diesel) 7 Seater
2.8775775,Mercedes-Benz E-Class 2009-2013 E250 CDI Elegance
2.887639,Volkswagen Polo 1.5 TDI Highline
2.8775775,Audi Q3 2.0 TDI
2.887639,Hyundai i20 1.2 Magna
2.8357325,Hyundai i10 Sportz 1.1L
2.887639,Tata Tigor 1.05 Revotorq XT
2.887639,Hyundai EON Era
2.8357325,Hyundai Santro Xing GLS
2.887639,Hyundai Santro Xing GLS
2.8357325,Mahindra Scorpio SLX
2.887639,Honda City i-VTEC S
2.887639,Maruti Vitara Brezza ZDi
2.8775775,Audi A4 35 TDI Technology Edition
2.825671,Mercedes-Benz E-Class 2009-2013 E250 CDI Elegance
2.887639,Honda Civic 2006-2010 1.8 MT Sport
2.887639,Hyundai i20 Magna 1.2
2.8775775,Audi Q3 35 TDI Quattro Premium Plus
2.887639,Honda City i DTEC VX
2.887639,Hyundai i10 Era 1.1 iTech SE
2.887639,Maruti Swift VDI BSIV
2.8775775,Ford Endeavour 3.0L 4X4 AT
2.887639,Ford Ikon 1.3 Flair
2.8775775,BMW X1 sDrive 20d xLine
2.825671,Mercedes-Benz E-Class 2009-2013 E250 CDI Classic
2.887639,Maruti Eeco 5 STR With AC Plus HTR CNG
-0.4893119,Honda Jazz Select Edition
2.887639,Honda Amaze S i-Dtech
2.8357325,Maruti Zen LXi - BS III
2.8357325,Hyundai i20 Magna
2.8775775,BMW X5 3.0d
2.887639,Hyundai Creta 1.6 CRDi SX Option
2.887639,Maruti Swift Dzire LDI
2.887639,Maruti Swift VDI
2.887639,Hyundai Grand i10 1.2 CRDi Asta
2.887639,Ford Figo Aspire 1.2 Ti-VCT Trend
2.8775775,BMW X5 X5 M
2.8775775,Mercedes-Benz New C-Class C 220 CDI Celebration Edition
2.8775775,Hyundai Grand i10 AT Asta
2.887639,Hyundai Verna 1.6 SX CRDi (O)
2.8775775,BMW 5 Series 525d Sedan
2.887639,Nissan Micra Diesel XV Premium
2.8357325,Maruti SX4 ZXI MT BSIV
2.887639,Tata Manza Aura Quadrajet BS IV
2.8775775,Audi A4 2.0 TDI Multitronic
2.8357325,Maruti Swift Ldi BSIV
2.887639,Maruti Swift LDI Optional
2.887639,Toyota Corolla Altis Diesel D4DJ
2.887639,Honda Jazz 1.5 VX i DTEC
2.8775775,BMW 6 Series 650i Coupe
2.887639,Skoda Fabia 1.2 Petrol Active
-4.288624e-06,Fiat Siena 1.2 ELX
2.825671,Land Rover Freelander 2 HSE
2.887639,Ford Fiesta 1.6 ZXi Duratec
2.8775775,Hyundai Verna SX CRDi AT
2.887639,Renault KWID 1.0 RXT Optional
2.887639,Tata Indica Vista Quadrajet 90 ZX Plus
2.887639,Hyundai i20 Active 1.4 SX
2.8357325,Maruti SX4 Zxi BSIII
2.887639,Renault KWID RXT
2.887639,Mahindra Xylo E4 ABS BS III
2.8357325,Hyundai EON D Lite Plus
2.887639,Honda Amaze VX i-DTEC
2.887639,Volkswagen Polo Diesel Highline 1.2L
2.887639,Honda City 1.5 V MT
2.8775775,Toyota Fortuner 4x2 AT
2.887639,Honda Amaze E i-Vtech
2.8775775,BMW 1 Series 118d Base
2.8775775,Maruti Celerio VXI AT
2.887639,Toyota Innova 2.5 GX (Diesel) 8 Seater
2.825671,Jaguar XF 2.2 Litre Luxury
2.887639,Honda WRV i-VTEC VX
2.8492653,BMW X1 sDrive20d
2.8775775,Skoda Rapid 1.6 MPI AT Elegance
2.887639,Volkswagen Vento 1.6 Comfortline
2.887639,Ford EcoSport 1.5 TDCi Trend Plus BE
2.887639,Mahindra XUV500 W6 2WD
2.887639,Ford Fiesta Classic 1.4 Duratorq LXI
2.8357325,Hyundai Santro Xing GLS
2.8775775,Mercedes-Benz GL-Class 2007 2012 350 CDI Luxury
2.887639,Maruti Alto LXi BSII
2.887639,Honda City i VTEC VX Option
2.8775775,Hyundai Santa Fe 2WD AT
2.8775775,Mercedes-Benz GLA Class 200 CDI SPORT
2.8357325,Toyota Innova 2.5 G4 Diesel 8-seater
2.825671,BMW 3 Series 320d Sedan
2.887639,Maruti Swift ZXI
2.8357325,Volkswagen Vento Petrol Highline
2.887639,Maruti Ertiga VXI
2.825671,Hyundai Grand i10 AT Asta
2.887639,Hyundai Creta 1.6 CRDi SX
2.825671,Audi A6 3.0 TDI quattro
2.887639,Mahindra XUV500 W8 1.99 mHawk
2.8775775,Ford EcoSport 1.5 Ti VCT AT Titanium BE
2.887639,Hyundai Xcent 1.1 CRDi Base
2.8775775,Volkswagen Vento 1.5 TDI Comfortline AT
2.8775775,Mercedes-Benz S-Class 280 AT
2.887639,Hyundai i10 Magna
2.8775775,Audi A4 35 TDI Technology Edition
2.8357325,Hyundai i20 Sportz 1.4 CRDi
2.887639,Hyundai Verna 1.4 EX
2.887639,Honda City 1.5 V MT
2.887639,Maruti Ertiga VDI
2.887639,Maruti Alto LXi BSII
2.8775775,Maruti Wagon R AMT VXI
2.8775775,Hyundai Verna 1.6 CRDi AT SX
2.887639,Maruti Alto LXi BSIII
2.8357325,Volkswagen Vento 1.6 Comfortline
2.887639,Maruti Baleno Zeta 1.2
2.8948035,Land Rover Freelander 2 TD4 SE
2.8775775,Honda CR-V 2.0L 2WD AT
2.887639,Toyota Fortuner 2.8 2WD MT
2.8775775,Honda City V AT
2.825671,Mercedes-Benz SLK-Class 55 AMG
2.887639,Honda City i-VTEC S
2.887639,Maruti Swift VDI
2.8775775,Toyota Corolla Altis 2008-2013 1.8 VL AT
2.887639,Toyota Etios Cross 1.4L VD
2.887639,Maruti Wagon R LX
-0.4893119,Fiat Punto 1.2 Dynamic
2.8775775,Mercedes-Benz E-Class 2015-2017 E 200 CGI
2.8775775,Jaguar XF Aero Sport Edition
2.887639,Hyundai i20 Sportz Petrol
2.825671,Land Rover Freelander 2 SE
2.887639,Hyundai Elite i20 Petrol Sportz
2.887639,Honda Amaze S i-Vtech
2.8948035,Mercedes-Benz M-Class ML 350 4Matic
2.887639,Maruti Alto 800 VXI
2.8775775,Toyota Innova Crysta 2.8 ZX AT
2.8775775,Hyundai Grand i10 AT Asta
2.8775775,BMW X3 xDrive30d M Sport
0.013612734,Maruti 1000 AC
2.8357325,Hyundai i20 Magna
2.8775775,Hyundai Grand i10 AT Asta
-0.52052397,Hyundai Santro Xing XG
2.887639,Ford Fiesta 1.5 TDCi Titanium
0.013612734,Mercedes-Benz E-Class 220 CDI
2.887639,Maruti Swift Dzire VDI
2.8357325,Toyota Etios VXD
2.887639,Hyundai Xcent 1.2 Kappa Base
2.887639,Honda Civic 2006-2010 1.8 S MT
2.887639,Toyota Innova 2.5 GX (Diesel) 8 Seater
2.887639,Hyundai Accent GLE
2.887639,Maruti Alto 800 LXI
2.8775775,Mercedes-Benz SL-Class SL 500
2.8357325,Ford Ecosport 1.5 DV5 MT Titanium Optional
2.887639,Hyundai Xcent 1.2 VTVT E
2.8775775,Skoda Rapid 1.6 MPI AT Ambition Plus
2.8775775,Audi Q3 2012-2015 35 TDI Quattro Premium Plus
2.887639,Mahindra XUV500 W8 2WD
2.887639,Hyundai Verna VTVT 1.6 SX Option
2.8593268,Hyundai Verna Xi (Petrol)
2.8357325,Ford Ikon 1.6 CLXI
2.887639,Nissan Micra Active XV
2.8775775,Honda Brio VX AT
2.887639,Toyota Innova 2.5 GX (Diesel) 7 Seater
2.887639,Volkswagen Vento 1.5 TDI Highline
2.887639,Mahindra XUV500 W10 AWD
2.8775775,Hyundai Xcent 1.2 Kappa AT SX Option
2.887639,Ford Endeavour 2.2 Trend MT 4X4
2.887639,Chevrolet Spark 1.0 LT
2.887639,Maruti Ertiga SHVS VDI
2.887639,Honda Amaze S i-Dtech
2.887639,Honda City i VTEC S
2.825671,Mini Cooper Countryman D
2.8775775,Toyota Corolla Altis 2008-2013 1.8 VL AT
0.09874811,Hyundai Santro Xing XL eRLX Euro III
2.8775775,Skoda Superb Elegance 1.8 TSI AT
2.887639,Maruti Wagon R LXI BS IV
2.887639,Hyundai i10 Era 1.1
2.887639,Tata Tiago 1.2 Revotron XT Option
2.887639,Maruti Baleno Zeta 1.2
2.887639,Volkswagen Vento 1.6 Highline
2.887639,Hyundai Grand i10 1.2 Kappa Sportz Option
2.887639,Ford Figo Diesel EXI
2.825671,Honda Civic 2010-2013 1.8 V AT Sunroof
2.887639,Maruti Alto 800 LXI
2.8775775,Land Rover Range Rover Evoque 2.0 TD4 HSE Dynamic
2.8775775,Audi A6 2.7 TDI
2.8775775,Mercedes-Benz E-Class 280 CDI
2.8775775,Honda City 1.5 V AT Exclusive
2.8492653,Honda CR-V 2.4 4WD AT
2.887639,Maruti Ciaz 1.3 Alpha
2.8357325,Maruti Wagon R LXI
2.887639,Hyundai Creta 1.6 CRDi SX Option
2.887639,Maruti Ciaz VDi Plus SHVS
2.887639,Hyundai EON D Lite Plus
2.887639,Maruti Ertiga VXI
2.887639,Volkswagen Vento Diesel Highline
2.8357325,Honda City 1.5 GXI
2.887639,Volkswagen Polo Petrol Trendline 1.2L
2.887639,Maruti Alto 800 2016-2019 CNG LXI
2.8775775,Mercedes-Benz GLA Class 200 CDI
2.887639,Hyundai Santa Fe 4X2
2.887639,Maruti Swift VDI
2.887639,Hyundai Elite i20 Sportz Plus
2.887639,Mahindra Xylo E8 BS IV
2.887639,Hyundai Grand i10 Asta Option
2.887639,Volkswagen Vento Petrol Highline
2.825671,Honda Accord 2.4 A/T
2.825671,Mercedes-Benz S-Class S 350 d
2.8775775,Mercedes-Benz B Class B200 CDI
2.887639,Hyundai Creta 1.6 SX Option Diesel
2.887639,Maruti Alto LXI
2.8775775,Audi A3 35 TDI Premium
2.887639,Renault Duster 85PS Diesel RxL
2.887639,Ford Fiesta 1.4 ZXi TDCi ABS
2.887639,Hyundai Creta 1.6 SX Plus Diesel
2.887639,Ford Figo Diesel ZXI
2.887639,Volkswagen Polo Petrol Highline 1.6L
2.825671,Volvo V40 D3 R Design
2.8775775,Hyundai Verna SX CRDi AT
2.8775775,BMW 7 Series 2007-2012 730Ld
2.8593268,Mitsubishi Lancer GLXD
2.887639,Toyota Fortuner 3.0 Diesel
2.887639,Maruti Ciaz VDi Plus
2.887639,Maruti Vitara Brezza VDi Option
2.8775775,BMW 3 Series Luxury Line
2.8775775,Volkswagen Vento Petrol Highline AT
2.887639,Hyundai i20 1.2 Asta
2.8775775,BMW X5 3.0d
2.887639,Hyundai Xcent 1.2 Kappa S
2.8775775,Mercedes-Benz E-Class 2009-2013 E250 CDI Blue Efficiency
2.8775775,Land Rover Freelander 2 SE
2.887639,Hyundai i10 Magna
2.8357325,Hyundai Verna 1.6 SX CRDi (O)
2.887639,Volkswagen Jetta 2012-2014 2.0L TDI Highline
2.887639,Mahindra XUV500 W8 2WD
2.8593268,Maruti Omni 8 Seater BSII
2.825671,Skoda Superb Style 1.8 TSI AT
2.887639,Maruti Swift VDI
2.887639,Mahindra Scorpio 2.6 LX
2.8775775,Mercedes-Benz GLA Class 200 Sport Edition
2.887639,Mahindra Thar CRDe
2.8357325,Renault Duster 110PS Diesel RxZ
2.8775775,Audi Q5 2008-2012 2.0 TDI
2.825671,Land Rover Freelander 2 SE
2.8593268,Volkswagen Vento Diesel Comfortline
2.825671,BMW 5 Series 2003-2012 540i Sedan
2.887639,Hyundai Elantra CRDi SX
2.887639,Tata Sumo EX
2.887639,Datsun redi-GO T
2.8775775,BMW X5 xDrive 30d
2.8775775,BMW 6 Series 630i Coupe
2.8357325,Maruti Alto Vxi 1.1
2.887639,Volkswagen Polo Petrol Comfortline 1.2L
2.887639,Datsun GO Plus A
2.887639,Hyundai Creta 1.6 VTVT S
2.887639,Maruti Alto K10 VXI
2.887639,Hyundai Santa Fe 4X4
2.887639,Volkswagen Polo GT TDI
2.8357325,Honda Amaze S i-Dtech
0.09874811,Maruti Esteem Vxi
2.887639,Maruti Swift VDI
2.887639,Skoda Rapid 1.6 TDI Ambition
2.8775775,Mercedes-Benz E-Class 280 CDI
2.8357325,Mahindra Scorpio SLE BSIV
2.887639,Nissan Sunny 2011-2014 Diesel XL
2.8357325,Maruti Swift Dzire VXi
2.887639,Hyundai EON Sportz
2.887639,Honda Brio S MT
2.887639,Nissan Micra XV Primo
2.887639,Maruti Alto LXi BSII
2.8775775,BMW 3 Series 320d
2.887639,Volkswagen Polo 1.2 MPI Highline
2.887639,Maruti Celerio LXI
2.887639,Maruti Wagon R VXI 1.2
2.887639,Maruti Ciaz ZDi Plus
2.8775775,Audi A4 2.0 TDI
2.887639,Honda Brio S MT
2.8775775,Mahindra Scorpio VLX 2WD AT BSIV
2.887639,Honda City i DTEC V
2.8775775,BMW X1 sDrive20d
2.8357325,Chevrolet Spark 1.0 LT
2.8357325,Ford Figo Diesel EXI
2.887639,Maruti Swift VXI BSIV
2.8775775,Mercedes-Benz New C-Class C 220 CDI Avantgarde
2.8775775,Skoda Octavia Elegance 2.0 TDI AT
2.8775775,BMW X3 xDrive20d xLine
2.887639,Hyundai EON Era Plus
2.8775775,Audi A4 35 TDI Technology
2.887639,Ford Figo 2015-2019 1.2P Titanium MT
2.887639,Maruti Alto K10 2010-2014 VXI
2.887639,Maruti Alto 800 2016-2019 VXI
2.8775775,Mercedes-Benz New C-Class C 220 CDI Style
2.8593268,Hyundai Santro D Lite
2.887639,Hyundai Xcent 1.1 CRDi S
2.887639,Honda Amaze S i-Dtech
2.8357325,Maruti Swift Vdi BSIII
2.887639,Volkswagen Polo 1.2 MPI Comfortline
2.8775775,Audi A4 2.0 TDI 177 Bhp Premium Plus
2.8775775,Land Rover Range Rover 3.6 TDV8 Vogue SE
2.8593268,Mahindra XUV500 W8 2WD
2.8593268,Ford Endeavour 2.5L 4X2
2.887639,Tata Indica V2 DLX
2.887639,Maruti Baleno Alpha
2.887639,Hyundai Xcent 1.1 CRDi Base
2.887639,Honda Civic 2006-2010 1.8 S MT
2.8357325,Hyundai i20 Sportz Option 1.2
2.887639,Tata Nexon 1.2 Revotron XZ Plus
2.887639,Hyundai i20 Sportz 1.2
2.887639,Maruti Swift Dzire ZXI
2.887639,Maruti Wagon R LXI
2.887639,Hyundai i20 Sportz 1.4 CRDi
2.8775775,Toyota Fortuner 4x2 AT
2.887639,Hyundai i10 Sportz
2.887639,Hyundai Grand i10 Asta
2.887639,Hyundai i20 Asta 1.2
0.81735146,Hyundai Santro Xing XL AT eRLX Euro II
2.887639,Maruti Vitara Brezza ZDi Plus
2.887639,Honda Amaze S i-Dtech
2.8775775,Mercedes-Benz M-Class ML 250 CDI
2.887639,Hyundai i20 Sportz Diesel
2.887639,Hyundai i10 Era
2.887639,Maruti Swift Dzire VDI
2.8775775,BMW Z4 2009-2013 Roadster 2.5i
2.887639,Maruti Baleno Alpha Diesel
2.887639,Chevrolet Beat Diesel
2.887639,Honda Brio V MT
2.8357325,Ford Figo Diesel Titanium
2.8775775,Maruti Celerio VXI AT
2.8775775,Mercedes-Benz New C-Class C 220 CDI Elegance AT
0.81735146,Hyundai Santro Xing XL AT eRLX Euro III
2.887639,Honda Brio S MT
2.8775775,Maruti Baleno Alpha CVT
2.887639,Hyundai EON Sportz
1.5524467,Toyota Prius 2009-2016 Z4
2.887639,Hyundai i20 1.4 CRDi Sportz
2.8775775,Ford Endeavour 3.2 Titanium AT 4X4
2.887639,Honda City i-VTEC VX
2.8357325,Maruti SX4 ZDI
2.887639,Chevrolet Optra Magnum 1.6 LS Petrol
2.887639,Volkswagen Vento Diesel Highline
2.887639,Honda City V MT
2.887639,Hyundai Creta 1.6 CRDi SX Option
2.8357325,Hyundai Xcent 1.1 CRDi SX
2.8775775,Mercedes-Benz GLC 220d 4MATIC Style
2.887639,Ford Figo Diesel EXI
2.8357325,Volkswagen Jetta 2007-2011 2.0 TDI Trendline
2.887639,Mahindra TUV 300 2015-2019 T8
2.8357325,Ford Ecosport 1.5 Ti VCT MT Titanium
2.887639,Hyundai Verna 1.6 SX VTVT (O)
2.887639,Maruti Wagon R LXI CNG
2.887639,Hyundai i20 Sportz 1.2
2.8775775,Audi A4 New 2.0 TDI Multitronic
2.887639,Nissan Micra Active XV S
2.8775775,Mercedes-Benz M-Class ML 250 CDI
2.8775775,Land Rover Discovery Sport TD4 S
2.887639,Hyundai Creta 1.6 SX Option Executive
2.887639,Skoda Rapid 1.6 TDI Active
2.887639,Maruti Swift Dzire VDI
2.887639,Hyundai Creta 1.6 SX
2.887639,Hyundai Grand i10 CRDi Sportz
2.887639,Mahindra TUV 300 T8
2.887639,Hyundai Grand i10 CRDi Sportz
2.825671,BMW X5 xDrive 30d
2.8775775,Maruti Dzire AMT VDI
2.887639,Toyota Fortuner 4x4 MT
2.8775775,Audi A6 2011-2015 35 TDI Technology
2.887639,Honda Jazz 1.5 V i DTEC
2.8775775,Audi Q7 4.2 TDI Quattro Technology
2.887639,Mahindra Scorpio 2009-2014 VLX 2WD 7S BSIV
2.887639,Chevrolet Cruze LTZ
2.887639,Chevrolet Beat Diesel LT
2.8775775,Audi A4 35 TDI Premium Plus
2.8775775,Skoda Rapid 1.6 MPI AT Style
2.887639,Maruti Swift Dzire VDI
2.8357325,Toyota Fortuner 3.0 Diesel
2.8357325,Maruti Swift VDI
2.887639,Honda City 1.5 V MT Exclusive
2.8775775,Mercedes-Benz M-Class ML 250 CDI
2.8357325,Maruti Swift Ldi BSIII
2.887639,Ford Aspire Titanium Diesel
2.887639,Hyundai i10 Sportz
-0.4893119,Fiat Punto 1.4 Emotion
2.887639,Maruti Alto LXi
0.09874811,Toyota Etios Liva GD
2.8357325,Maruti Swift VXI BSIV
2.8775775,Mercedes-Benz New C-Class C 220 CDI Avantgarde
2.8357325,Tata Indica V2 DLE BSIII
2.8357325,Maruti Alto 800 VXI
2.8775775,Skoda Superb 2.8 V6 AT
2.887639,Volkswagen Polo Petrol Comfortline 1.2L
2.8775775,Maruti Dzire AMT ZXI Plus
2.8593268,Mahindra Scorpio VLX
2.887639,Maruti Swift Vdi BSIII
2.8775775,BMW 3 Series 320d Prestige
2.8357325,Tata Nano STD SE
2.887639,Toyota Innova 2.5 VX (Diesel) 8 Seater
2.887639,Honda Brio S Option MT
2.8775775,Tata Tiago AMT 1.2 Revotron XZA
2.887639,Mahindra Scorpio SLE BSIV
2.8775775,BMW 5 Series 2003-2012 525d
2.887639,Toyota Corolla Altis D-4D GL
2.8775775,Honda City i VTEC CVT VX
2.887639,Hyundai Verna CRDi 1.6 SX Option
2.887639,Maruti Swift Dzire VDI Optional
2.887639,Maruti Ciaz ZXi
2.887639,Ford Ecosport 1.5 DV5 MT Titanium
2.887639,Maruti Alto K10 2010-2014 VXI
2.8775775,Honda Amaze V CVT Petrol
2.887639,Mahindra XUV500 W6 2WD
2.887639,Mahindra TUV 300 2015-2019 T8
2.887639,Honda Jazz VX
2.887639,Maruti Swift VXI BSIII W/ ABS
2.887639,Volkswagen Polo Petrol Highline 1.2L
2.887639,Hyundai Creta 1.6 SX Option Diesel
2.887639,Chevrolet Beat LS
2.887639,Honda Amaze VX i-DTEC
2.825671,Mercedes-Benz E-Class 230 E AT
2.8775775,BMW 5 Series 530d M Sport
2.8775775,Audi A3 35 TDI Premium Plus
2.887639,Maruti Swift Dzire VDI
2.887639,Maruti Swift Dzire VDI
2.8357325,Toyota Innova 2.5 V Diesel 7-seater
2.8775775,BMW X3 xDrive20d
2.8775775,BMW 5 Series 2003-2012 525d
2.887639,Mahindra XUV500 W8 2WD
2.887639,Honda City 1.5 S MT
2.887639,Force One LX 4x4
2.887639,Volkswagen Polo 1.5 TDI Comfortline
2.887639,Honda Jazz S
2.887639,Toyota Etios Liva GD SP
2.887639,Nissan Terrano XV Premium 110 PS
2.8775775,BMW X3 xDrive 20d xLine
2.887639,Hyundai i20 1.2 Magna
2.887639,Maruti Eeco 5 STR With AC Plus HTR CNG
2.887639,Ford Fiesta EXi 1.4 TDCi Ltd
2.8775775,Honda City 1.5 V AT
2.887639,Maruti Swift VDI BSIV
2.887639,Hyundai Grand i10 CRDi SportZ Edition
2.8775775,Audi Q7 45 TDI Quattro Technology
2.887639,Volkswagen Ameo 1.2 MPI Highline 16 Alloy
2.8775775,Honda City i VTEC CVT VX
2.887639,Maruti Baleno Alpha 1.3
2.887639,Hyundai Grand i10 CRDi Sportz
2.887639,Maruti Swift Dzire VDi
-0.4893119,Maruti Swift 1.3 VXi
2.8948035,Land Rover Freelander 2 TD4 HSE
2.887639,Toyota Fortuner 3.0 Diesel
2.887639,Honda Jazz VX Diesel
2.887639,Maruti Vitara Brezza LDi Option
2.887639,Maruti Swift Dzire VDI
2.825671,Skoda Rapid 1.5 TDI AT Elegance
2.844656,Land Rover Freelander 2 TD4 SE
2.887639,Maruti Alto 800 LXI
2.8357325,Volkswagen Polo Petrol Highline 1.2L
2.887639,Honda City i DTEC SV
2.887639,Maruti Swift Dzire LDI
2.8775775,Audi A4 2.0 TDI 177 Bhp Technology Edition
2.887639,Honda City i VTEC VX
2.887639,Ford Figo Aspire 1.2 Ti-VCT Ambiente
2.887639,Maruti Vitara Brezza LDi
2.887639,Renault Duster 110PS Diesel RxL
2.887639,Hyundai i20 Active 1.4 SX
2.887639,Mahindra Logan Petrol 1.4 GLE
2.887639,Honda City ZX GXi
2.8357325,Ford Figo Petrol EXI
2.887639,Renault Duster Petrol RxL
2.887639,Hyundai i10 Sportz 1.2
2.8775775,Land Rover Discovery Sport TD4 HSE 7S
2.825671,Audi Q5 2008-2012 2.0 TFSI Quattro
2.8357325,Maruti Versa DX2 BS II
2.887639,Maruti Swift Dzire ZDI
2.8775775,Audi A4 2.0 TDI Premium Sport Limited Edition
2.887639,Volkswagen Polo 1.2 MPI Comfortline
2.8357325,Toyota Fortuner 3.0 Diesel
2.8357325,Toyota Fortuner 3.0 Diesel
2.887639,Honda Accord 2.4 MT
2.887639,Maruti Swift ZDi
2.8357325,Skoda Fabia 1.2 MPI Classic
2.887639,Jeep Compass 2.0 Sport
2.8357325,Tata Nano Twist XT
2.887639,Ford Fiesta 1.6 ZXi ABS
2.887639,Maruti Celerio ZDi
2.887639,Toyota Fortuner 3.0 Diesel
2.887639,Maruti Celerio ZDi
2.887639,Hyundai EON Era Plus
2.8357325,Ford Fiesta Diesel Trend
2.887639,Volkswagen Polo 1.2 MPI Comfortline
2.887639,Volkswagen Polo 1.2 MPI Comfortline
2.887639,Maruti Vitara Brezza ZDi
2.887639,Honda Brio S MT
2.887639,Maruti Swift Dzire VXi
2.887639,Maruti Celerio LXI MT
2.8775775,Hyundai Creta 1.6 SX Plus Petrol Automatic
2.887639,Ford Ecosport 1.5 DV5 MT Titanium
0.09874811,Maruti Swift VDI BSIV W ABS
2.8357325,Honda CR-V RVi MT
2.8775775,Land Rover Discovery Sport SD4 HSE Luxury 7S
2.887639,Mahindra XUV500 W8 2WD
2.887639,Volkswagen Polo 1.2 MPI Highline
2.8775775,Hyundai i10 Magna AT
2.8357325,Hyundai i10 Magna 1.2
2.8775775,Chevrolet Cruze LTZ AT
2.8775775,Mercedes-Benz E-Class E 200 CGI
2.887639,Hyundai Sonata 2.4 GDI
2.8775775,Mercedes-Benz New C-Class C 200 Kompressor Elegance AT
2.887639,Volkswagen Polo Diesel Trendline 1.2L
2.887639,Honda City i VTEC SV
2.887639,Maruti Vitara Brezza ZDi
2.887639,Hyundai Elite i20 Asta Option
2.8357325,Tata New Safari Dicor EX 4X2
2.887639,Nissan Sunny 2011-2014 Diesel XL
2.8775775,BMW 3 Series 330 Ci Convertible
2.8357325,Toyota Corolla 1.8 J
2.887639,Hyundai Verna 1.6 SX
2.887639,Maruti Swift Dzire VDi
2.887639,Maruti Dzire VDI
2.887639,Maruti Alto K10 VXI
2.8775775,Jaguar XJ 5.0 L V8 Supercharged
2.8775775,Mercedes-Benz New C-Class 220 CDI AT
2.887639,Hyundai Verna CRDi 1.6 SX Option
2.8593268,Chevrolet Aveo 1.6 LT
2.887639,Maruti Swift VXI BSIV
2.887639,Hyundai Verna 1.6 CRDi S
2.8775775,Mercedes-Benz GLC 220d Celebration Edition
2.887639,Toyota Fortuner 4x2 Manual
2.8775775,Audi Q5 2008-2012 2.0 TDI
2.825671,BMW 3 Series 320d Dynamic
2.887639,Maruti Alto 800 2016-2019 LXI
2.887639,Maruti Alto K10 2010-2014 VXI
2.8775775,Audi A4 1.8 TFSI Technology Edition
2.887639,Maruti Swift VXi BSIV
2.887639,Maruti Wagon R VXI
2.887639,Skoda Rapid 1.5 TDI Ambition
2.8357325,Honda Jazz S
2.887639,Mahindra XUV500 W10 2WD
2.887639,Maruti Ritz VXi
2.8775775,Mercedes-Benz GLE 250d
2.887639,Skoda Rapid 1.6 TDI Ambition
2.887639,Hyundai Grand i10 CRDi Magna
2.887639,Hyundai Elite i20 Petrol Asta
2.887639,Tata Zest Quadrajet 1.3 75PS XE
2.887639,Hyundai i20 Magna 1.4 CRDi
2.8357325,Skoda Rapid 1.6 TDI Elegance
2.887639,Fiat Linea Emotion
2.887639,Maruti Swift VXI BSIII W/ ABS
2.887639,Tata Indica V2 2001-2011 eLS
2.8775775,Mercedes-Benz New C-Class C 220 CDI Elegance AT
2.8775775,Mercedes-Benz GLE 350d
-0.037688322,Hyundai Santro Xing XP
2.8357325,Honda City V MT AVN
2.8357325,Hyundai i20 Magna
2.887639,Toyota Fortuner 4x2 Manual
2.887639,Hyundai Grand i10 Magna
2.8357325,Volkswagen Jetta 2007-2011 2.0 TDI Comfortline
2.8775775,Ford EcoSport 1.5 Ti VCT AT Titanium
2.887639,Hyundai EON Magna Plus
2.8775775,Nissan Micra XV CVT
2.8775775,Honda Jazz 1.2 V CVT i VTEC
2.887639,Volkswagen Polo 1.2 MPI Trendline
2.887639,Maruti Alto LXi
2.887639,Hyundai Verna 1.6 SX
2.8775775,Mercedes-Benz E-Class 2009-2013 E 220 CDI Avantgarde
2.887639,Tata Zest Revotron 1.2 XT
2.8357325,Honda Brio S Option MT
2.887639,Honda Jazz VX Diesel
2.8775775,Maruti Alto K10 VXI AGS
2.8357325,Maruti Zen VXi - BS III
2.887639,Hyundai i20 Sportz 1.4 CRDi
2.887639,Maruti SX4 S Cross DDiS 320 Zeta
2.8775775,Mercedes-Benz E-Class 2009-2013 E250 CDI Elegance
2.887639,Chevrolet Enjoy Petrol LS 7 Seater
2.825671,Mercedes-Benz E-Class 2009-2013 E250 CDI Blue Efficiency
2.887639,Mahindra XUV500 W4
2.887639,Hyundai i10 Sportz
2.8357325,Hyundai Getz 1.3 GLS
2.8775775,Audi Q7 3.0 TDI quattro
2.8593268,Mahindra Scorpio SLE BSIV
2.887639,Honda Jazz 1.2 SV i VTEC
2.887639,Tata Safari Storme 2012-2015 EX
2.887639,Mahindra XUV500 W6 2WD
2.887639,Volkswagen Polo Diesel Comfortline 1.2L
2.887639,Maruti Swift Dzire ZDi
2.8775775,Audi Q3 2.0 TDI
2.887639,Maruti Celerio ZXI
2.887639,Honda City V MT Exclusive
2.887639,Hyundai i20 1.2 Spotz
2.887639,Renault KWID RXT
2.8775775,Mercedes-Benz CLA 200 CDI Sport
2.887639,Ford Ecosport 1.5 DV5 MT Titanium
2.887639,Hyundai i20 Asta 1.2
2.887639,Toyota Innova 2.5 ZX Diesel 7 Seater
2.887639,Nissan Sunny 2011-2014 Diesel XL
2.887639,Maruti Swift VDI BSIV
2.887639,Maruti A-Star Vxi
2.887639,Maruti Swift ZXI
2.8775775,Mercedes-Benz CLA 200 CDI Sport
2.8357325,Maruti Ertiga ZXI
2.8357325,Maruti Wagon R LXI
2.887639,Volkswagen Polo Diesel Trendline 1.2L
2.887639,Ford Ecosport 1.5 DV5 MT Titanium Optional
2.887639,Honda City i DTEC VX
2.887639,Toyota Corolla Altis 1.8 GL
2.887639,Mahindra XUV500 W8 2WD
2.887639,Maruti Alto 800 2016-2019 VXI
2.8775775,BMW 5 Series 530d M Sport
2.887639,Hyundai EON D Lite Plus
2.887639,Maruti Swift Dzire VDI
2.887639,Maruti Celerio CNG VXI MT
2.8775775,Audi A4 2.0 TDI
2.825671,Skoda Superb Elegance 1.8 TSI AT
2.887639,Tata Zest Revotron 1.2T XM
2.887639,Force One LX ABS 7 Seating
2.887639,Honda City i-VTEC VX
2.887639,Nissan Sunny 2011-2014 XV
-0.4893119,Maruti Swift 1.3 LXI
2.8775775,Volkswagen Vento Petrol Highline AT
2.8775775,Hyundai Verna 1.6 SX VTVT AT
2.8775775,Hyundai Verna CRDi 1.6 AT SX Plus
2.8775775,Audi A4 2.0 TDI Multitronic
2.887639,Maruti SX4 Vxi BSIV
2.8775775,Ford Endeavour 2.2 Titanium AT 4X2
2.887639,Maruti Swift LXI BSIV
2.887639,Hyundai Grand i10 CRDi Magna
2.8357325,Volkswagen Polo 1.5 TDI Highline
2.8775775,Mercedes-Benz E-Class 230
2.887639,Hyundai i20 Asta 1.2
2.8775775,Maruti Alto K10 VXI AGS
2.887639,Maruti Ertiga VDI
2.8775775,Maruti Celerio VXI AT
2.825671,Renault KWID Climber 1.0 AMT
2.887639,Mahindra Scorpio SLE BSIV
2.887639,Toyota Innova 2.5 GX (Diesel) 7 Seater BS IV
2.887639,Volkswagen Polo Diesel Highline 1.2L
2.887639,Ford Figo Diesel ZXI
2.887639,Nissan Terrano XL Plus 85 PS
2.887639,Force One LX 4x4
2.8775775,Renault KWID 1.0 RXT Optional AMT
2.887639,Skoda Rapid 1.5 TDI Elegance
2.8775775,Mahindra XUV500 AT W10 FWD
2.887639,Ford Figo Diesel Titanium
2.887639,Mahindra Bolero ZLX
2.887639,Volkswagen Vento 1.5 TDI Highline
2.887639,Toyota Innova 2.5 VX (Diesel) 8 Seater BS IV
2.887639,Mahindra XUV500 W8 2WD
2.8357325,Ford Ecosport 1.5 Ti VCT MT Titanium
2.8775775,Volkswagen Jetta 2012-2014 2.0L TDI Highline AT
2.8357325,Tata New Safari DICOR 2.2 VX 4x4
2.8775775,BMW 3 Series 330d Convertible
2.887639,Volkswagen Polo 1.2 MPI Highline
2.887639,Hyundai i20 Magna Optional 1.2
2.887639,Maruti Ertiga ZDI
2.887639,Honda City i VTEC V
2.887639,Honda City 1.5 S MT
2.8775775,Volkswagen Jetta 2013-2015 2.0L TDI Highline AT
2.887639,Honda Amaze VX i-DTEC
2.8357325,Mahindra XUV500 W8 2WD
2.825671,Toyota Corolla Altis VL
0.013612734,Hyundai Santro Xing XL eRLX Euro III
2.8775775,BMW 3 Series 320d
2.887639,Ford EcoSport 1.5 Diesel Trend
2.887639,Hyundai i20 Asta Optional with Sunroof 1.2
2.8775775,Honda City 1.5 S AT
2.887639,Maruti Ritz VDI (ABS) BS IV
2.887639,Hyundai i10 Era 1.1
2.887639,Chevrolet Sail 1.2 LS
2.887639,Hyundai Verna 1.6 SX CRDi (O)
2.887639,Hyundai Creta 1.6 SX Option
2.887639,Chevrolet Sail 1.2 LS
2.8775775,Audi Q5 2.0 TDI
2.887639,Honda City 1.5 V MT Exclusive
2.887639,Ford EcoSport 1.5 Petrol Titanium
2.825671,Audi Q7 3.0 TDI Quattro Premium Plus
2.887639,Hyundai i10 Magna 1.2
2.887639,Hyundai i20 1.2 Asta
2.8357325,Maruti Swift Dzire 1.2 Vxi BSIV
2.8357325,Tata Indica V2 eLX
2.825671,BMW 5 Series 2010-2013 530d
2.887639,Maruti Swift VDI
2.887639,Ford Freestyle Titanium Plus Petrol
2.8357325,Hyundai Verna XXi ABS (Petrol)
2.825671,BMW 3 Series 320d Highline
2.887639,Toyota Innova 2.5 G4 Diesel 8-seater
2.825671,Mercedes-Benz New C-Class C 250 CDI Elegance
2.887639,Hyundai Elantra 1.6 SX
2.887639,Maruti Ritz ZDi
2.887639,Maruti Vitara Brezza ZDi Plus Dual Tone
2.8357325,Hyundai Xcent 1.2 Kappa S
2.887639,Honda City i DTEC V
2.887639,Renault KWID RXT
2.887639,Toyota Etios Cross 1.4L VD
2.887639,Maruti Alto K10 VXI
2.887639,Tata Tiago 1.2 Revotron XM Option
2.887639,Hyundai i20 1.4 CRDi Magna
2.8775775,Audi A4 2.0 TDI
2.887639,Maruti Swift VDI
2.887639,Volkswagen Ameo 1.2 MPI Highline
2.8775775,Honda BRV i-VTEC V CVT
2.887639,Hyundai i20 Asta
2.887639,Hyundai Santa Fe 4X4
-0.6269449,Honda City 1.5 GXI
2.8775775,Maruti Celerio ZXI Optional AMT
2.887639,Hyundai Creta 1.6 SX
2.8357325,Tata Indica V2 DL BSIII
2.887639,Volkswagen Vento Petrol Highline
2.887639,Maruti Celerio VXI
2.8775775,Mercedes-Benz CLA 200 D Sport Edition
2.887639,Maruti Alto 800 LXI
2.8775775,Ford Endeavour 3.2 Titanium AT 4X4
2.887639,Tata Zest Revotron 1.2T XE
2.887639,Volkswagen Vento 1.6 Comfortline
2.8357325,Maruti Ertiga ZXI
2.8775775,Mercedes-Benz M-Class ML 350 CDI Corporate
2.887639,Volkswagen Polo 1.2 MPI Highline
2.8775775,Toyota Fortuner 4x2 AT
2.887639,Maruti Celerio VXI
2.825671,BMW 3 Series 320d Corporate Edition
2.8357325,Honda City ZX VTEC
2.887639,Mitsubishi Cedia Sports
2.887639,Renault Pulse Petrol RxL
2.887639,Volkswagen Polo 1.5 TDI Highline
2.887639,Maruti Baleno RS Petrol
2.887639,Hyundai i10 Magna
2.887639,Hyundai i20 1.2 Spotz
2.8775775,BMW Z4 2009-2013 35i
2.8357325,Hyundai i10 Sportz 1.2
2.8775775,Mini Cooper S Carbon Edition
2.887639,Honda Brio V MT
2.887639,Maruti Ciaz ZXi Option
2.887639,Maruti Swift Dzire ZDi
2.887639,Volkswagen Polo Diesel Comfortline 1.2L
2.8775775,BMW X1 sDrive20d
2.825671,Audi Q7 3.0 TDI Quattro Premium Plus
2.887639,Ford Figo 1.5D Trend MT
2.8775775,BMW 3 Series Luxury Line
2.8775775,Mercedes-Benz M-Class ML 350 CDI Corporate
2.8357325,Maruti Wagon R LX BSIII
2.887639,Maruti Baleno Zeta 1.2
2.887639,Maruti Dzire VXI
2.8357325,Chevrolet Aveo U-VA 1.2 LT
2.887639,Volkswagen Polo 1.5 TDI Highline
2.8948035,Land Rover Freelander 2 TD4 SE
2.8775775,Audi Q5 30 TDI quattro Premium
2.8775775,Audi A6 35 TDI Matrix
2.887639,Hyundai Grand i10 1.2 CRDi Sportz
2.8357325,Mahindra Scorpio SLE BSIV
2.887639,Tata Bolt Quadrajet XE
2.887639,Hyundai EON Era Plus
2.887639,Mahindra Scorpio S8 8 Seater
2.825671,Honda Accord 2001-2003 2.0 AT
2.887639,Volkswagen Polo 1.2 MPI Highline
2.887639,Maruti Eeco 7 Seater Standard
2.887639,Hyundai Grand i10 CRDi Sportz
2.8775775,Ford Endeavour 3.2 Titanium AT 4X4
2.887639,Hyundai Grand i10 1.2 CRDi Sportz
2.887639,Maruti Swift VDI
2.887639,Hyundai i20 1.2 Asta Option
2.887639,Maruti Swift Dzire VXi
2.8775775,BMW 3 Series 320d Luxury Line
2.8357325,Honda City ZX GXi
2.8775775,Hyundai i10 Sportz 1.2 AT
2.887639,Ford Ecosport Signature Edition Diesel
2.887639,Maruti Celerio ZXI MT
2.8357325,Maruti Ertiga VDI
2.887639,Toyota Innova 2.5 V Diesel 8-seater
2.887639,Honda City i VTEC SV
2.887639,Maruti Swift Dzire VXI
2.887639,Maruti Ritz LXi
2.825671,Hyundai i20 Sportz AT 1.4
2.887639,Hyundai i20 Active SX Dual Tone Petrol
2.8357325,Honda City 1.5 E MT
2.8775775,Porsche Cayenne S Diesel
2.887639,Honda Amaze VX i-VTEC
2.8775775,Honda Civic 2006-2010 1.8 S AT
2.887639,Hyundai i20 Magna 1.2
2.887639,Hyundai Creta 1.6 CRDi SX
2.8775775,Audi Q3 2012-2015 2.0 TDI Quattro Premium Plus
2.887639,Maruti Alto 800 2016-2019 LXI
2.8492653,BMW X1 sDrive 20d Exclusive
2.887639,Hyundai i10 Magna
2.887639,Volkswagen Ameo 1.5 TDI Highline
2.8593268,Volkswagen Polo Petrol Highline 1.2L
2.887639,Maruti Ciaz VXi Plus
2.8775775,Volkswagen Polo GT TSI
2.887639,Hyundai Xcent 1.1 CRDi Base
2.887639,Honda Civic 2006-2010 1.8 S MT
2.887639,Honda City ZX GXi
2.887639,Mahindra Bolero ZLX
2.887639,Honda City i VTEC V
2.887639,Hyundai Xcent 1.2 CRDi S
2.887639,Renault Duster 110PS Diesel RxL
2.8775775,Maruti A-Star AT VXI
2.8775775,Audi A4 2.0 TDI 177 Bhp Premium Plus
2.887639,Mahindra XUV500 W8 2WD
2.887639,Renault Pulse Petrol RxZ
2.825671,BMW 3 Series 320d
2.887639,Toyota Innova Crysta 2.4 GX MT
2.887639,Honda City 1.5 S MT
2.887639,Maruti Swift VDI
2.8357325,Renault Duster 110PS Diesel RxZ Plus
2.887639,Volkswagen Polo 1.2 MPI Comfortline
2.887639,Hyundai i20 Active 1.2 S
2.8775775,BMW 5 Series 2013-2017 520d Luxury Line
2.887639,Maruti Swift Dzire LDI
2.8948035,Mercedes-Benz M-Class ML 350 4Matic
2.887639,Maruti Swift LDI
2.8775775,Hyundai Verna 1.6 CRDI AT SX Option
2.825671,Tata Nano XTA
2.887639,Maruti Swift Dzire LXi
2.8357325,Hyundai i20 Asta Option 1.2
2.887639,Hyundai i20 1.2 Sportz
2.887639,Maruti Ciaz ZXi
2.8775775,Land Rover Range Rover 2.2L Prestige
2.8357325,Tata Indigo LX BSII
2.887639,Tata Zest Revotron 1.2T XM
2.887639,Mahindra XUV500 W10 1.99 mHawk
2.8492653,Honda Accord 2.4 AT
2.8357325,Tata Nano Twist XT
2.887639,Hyundai Elantra CRDi S
2.887639,Tata Indica V2 eLS
2.887639,Honda Amaze S i-Dtech
2.887639,Mahindra XUV500 W8 2WD
2.8775775,BMW X3 xDrive 20d Expedition
2.887639,Hyundai Grand i10 1.2 Kappa Magna
2.887639,Maruti Baleno Zeta 1.2
2.8775775,Hyundai Verna 1.6 CRDi AT SX
2.887639,Maruti Ertiga VDI
2.8775775,Mini Cooper S Carbon Edition
2.887639,Maruti Ritz ZDi
2.8775775,Skoda Laura L n K 1.9 PD AT
2.887639,Ford Ecosport 1.5 DV5 MT Titanium Optional
2.887639,Hyundai i20 2015-2017 Sportz 1.2
2.887639,Honda Brio E MT
2.887639,Honda Amaze S i-Dtech
2.8492653,BMW 5 Series 2003-2012 520d
2.8775775,Audi Q7 3.0 TDI Quattro Premium Plus
2.8357325,Hyundai Grand i10 CRDi Magna
2.887639,Nissan Micra Diesel XV
2.887639,Hyundai Grand i10 Sportz
2.887639,Hyundai EON Era
2.8775775,Mercedes-Benz New C-Class C250 Avantgarde
2.8775775,Land Rover Range Rover 2.2L Pure
2.8775775,Mahindra Ssangyong Rexton RX7
2.887639,Maruti Ciaz 1.4 Delta
2.8775775,Mercedes-Benz R-Class R350 4Matic Long
2.8775775,Maruti Dzire AMT VXI
2.825671,Land Rover Range Rover Vogue SE 4.4 SDV8
2.887639,Renault Duster 110PS Diesel RxZ
2.8357325,Hyundai Verna 1.6 SX
2.8775775,Toyota Corolla Altis 1.8 VL CVT
2.825671,BMW 3 Series Sport
2.887639,Ford EcoSport 1.5 Ti VCT MT Signature
2.887639,Maruti Swift VDI BSIV
2.8775775,Hyundai Santa Fe 4x4 AT
2.887639,Tata Indica V2 DLS
2.887639,Hyundai Grand i10 CRDi Sportz
-4.288624e-06,Hyundai Santro Xing XL
2.8775775,Maruti Wagon R VXI AMT
2.887639,Mahindra XUV500 W10 2WD
2.8775775,Audi A4 2.0 TDI
2.887639,Volkswagen Vento Diesel Highline
2.887639,Maruti Vitara Brezza ZDi Plus Dual Tone
2.887639,Maruti Zen LX
2.887639,Hyundai i10 Era
2.887639,Honda WR-V Edge Edition i-VTEC S
2.8357325,Honda City i DTEC VX
2.8775775,Toyota Fortuner 4x2 4 Speed AT
2.8775775,Mahindra XUV500 AT W10 FWD
0.05305572,Ford Endeavour XLT TDCi 4X4
2.887639,Ford Figo Diesel ZXI
2.825671,Honda Jazz 1.2 V CVT i VTEC
2.8775775,Ford Endeavour 3.2 Titanium AT 4X4
2.8775775,Nissan Sunny XL CVT
2.887639,Skoda Octavia Ambiente 1.9 TDI MT
2.887639,Chevrolet Beat Diesel LT
2.8775775,Toyota Camry W2 (AT)
2.887639,Renault Duster 110PS Diesel RxZ
2.8775775,Mercedes-Benz GLA Class 200 d Style
2.8357325,Tata Zest Revotron 1.2T XMS
2.887639,Hyundai i20 1.2 Magna
2.8775775,Maruti Wagon R VXI AMT1.2
2.887639,Hyundai Xcent 1.2 CRDi S
2.887639,Honda City 1.5 S MT
2.8357325,Hyundai Accent GLE
2.8357325,Hyundai Verna Xi (Petrol)
2.887639,Ford Figo Petrol ZXI
2.887639,Honda Amaze S i-Dtech
2.887639,Maruti Wagon R LX BSII
0.09874811,Maruti Swift VDI BSIV
2.8775775,Mercedes-Benz E-Class Facelift
2.8775775,Audi A6 2011-2015 35 TDI Technology
2.8775775,Mercedes-Benz S Class 2005 2013 S 350 CDI
2.887639,Maruti Swift Dzire LDi
2.887639,Toyota Corolla H2
2.887639,Mahindra Scorpio S10 7 Seater
2.887639,Maruti Wagon R VXI
2.887639,Toyota Fortuner 4x2 Manual
2.887639,Maruti Zen Estilo 1.1 LX BSIII
2.887639,Tata Nano CX
2.8357325,Hyundai i20 Magna
2.8775775,BMW 3 Series 320d
2.887639,Mahindra XUV500 W6 2WD
2.887639,Volkswagen Vento IPL II Petrol Trendline
2.8357325,Skoda Fabia 1.2 MPI Classic
2.887639,Tata Nano Twist XT
2.887639,Ford Figo Diesel EXI
2.8775775,Volkswagen Vento IPL II Petrol Highline AT
2.8775775,Land Rover Range Rover HSE Dynamic
2.887639,Honda City i DTEC SV
2.8775775,Renault KWID Climber 1.0 AMT
2.887639,Hyundai Grand i10 Asta Option
2.8775775,Chevrolet Cruze LTZ AT
2.887639,Hyundai i20 1.4 Asta
2.8775775,Maruti Alto K10 VXI AGS
2.887639,Hyundai Creta 1.6 SX Option Diesel
2.887639,Honda Amaze VX i-Vtech
2.887639,Hyundai i20 Active 1.4 SX Dual Tone
2.887639,Maruti Celerio VXI
2.8775775,Audi A4 2.0 TDI
2.887639,Hyundai Verna 1.4 CRDi
2.887639,Renault Fluence Diesel E4
2.887639,Volkswagen Polo 1.2 MPI Highline
2.887639,Tata Indigo LX
2.887639,Hyundai i10 Sportz
2.825671,BMW 7 Series 730Ld Sedan
2.8775775,Hyundai Creta 1.6 CRDi AT SX Plus
2.887639,Hyundai Grand i10 Magna
2.887639,Maruti Ritz VDi
2.887639,Mahindra Scorpio 2.6 SLX CRDe
2.887639,Hyundai i10 Era
2.887639,Tata Safari Storme 2012-2015 VX
2.887639,Honda Civic 2006-2010 1.8 V MT
2.887639,Maruti Zen Estilo LXI BSIII
2.8357325,Maruti Swift Dzire VDI
2.8357325,Toyota Fortuner 4x2 Manual
2.8357325,Maruti Swift VDI
2.887639,Maruti Wagon R Duo LX BSIII
2.887639,Maruti Dzire LDI
2.887639,Hyundai Grand i10 Asta
2.887639,Renault KWID RXL
2.8357325,Tata Indigo CS eGLX BS IV
2.887639,Ford Figo Diesel Titanium
2.8775775,Porsche Cayenne 2009-2014 Diesel
2.887639,Maruti Alto K10 VXI
2.887639,Volkswagen Vento 1.5 TDI Highline
2.887639,Mahindra Scorpio 2.6 SLX CRDe
2.8775775,BMW X3 xDrive 20d Luxury Line
2.8357325,Honda City 1.5 V MT
2.8775775,Mini Cooper 3 DOOR S
2.8775775,Mitsubishi Pajero Sport 4X4 AT
2.887639,Maruti Swift Dzire VDi
2.8775775,Bentley Continental Flying Spur
2.887639,Maruti Ertiga VDI
2.8357325,Toyota Innova 2.5 G4 Diesel 7-seater
2.887639,Mercedes-Benz New C-Class C 200 Kompressor Elegance MT
2.8775775,Mercedes-Benz New C-Class C 220 CDI BE Avantgare
2.887639,Ford Ecosport 1.5 DV5 MT Titanium Optional
2.887639,Toyota Etios Liva 1.2 G
2.887639,Hyundai i10 Magna 1.2
0.045688108,Hyundai Santro LP - Euro II
2.8775775,Land Rover Freelander 2 SE
2.887639,Toyota Innova 2.5 V Diesel 8-seater
2.887639,Hyundai i20 1.2 Magna
0.013612734,Hyundai Santro Xing XO eRLX Euro II
2.8775775,Nissan Micra XV CVT
2.8775775,BMW X6 xDrive 40d M Sport
2.8775775,Honda City 1.5 V AT
2.8357325,Honda Amaze E i-Dtech
2.8357325,Toyota Fortuner 3.0 Diesel
2.8775775,Land Rover Discovery Sport SD4 HSE Luxury
2.887639,Hyundai Creta 1.6 CRDi SX
2.887639,Chevrolet Beat Diesel LT
2.8775775,Toyota Innova Crysta 2.8 GX AT
2.887639,Maruti Swift Dzire VDI
2.8357325,Hyundai Creta 1.6 CRDi SX Option
2.825671,Land Rover Range Rover Sport SE
2.887639,Honda Amaze VX i-DTEC
2.887639,Hyundai Creta 1.6 SX Plus Dual Tone Petrol
2.8775775,Volkswagen Vento Sport 1.2 TSI AT
2.887639,Honda City i DTec VX
2.887639,Hyundai Creta 1.6 SX Plus Dual Tone Petrol
2.8357325,Ford Figo Diesel Titanium
2.8775775,BMW 5 Series 2013-2017 530d M Sport
2.887639,Mitsubishi Pajero 2.8 SFX 7Str
2.887639,Renault Duster 85PS Diesel RxL Option
2.8357325,Maruti Ritz VXI
2.887639,Hyundai Grand i10 Sportz
2.8775775,Mercedes-Benz GLA Class 200 CDI SPORT
2.8775775,BMW 5 Series 520d Luxury Line
2.8775775,Hyundai Creta 1.6 SX Plus Petrol Automatic
2.887639,Renault KWID RXT Optional
2.8775775,Audi A4 3.0 TDI Quattro
2.8357325,Maruti Ciaz VDI SHVS
2.887639,Honda Jazz S
2.8775775,BMW 3 Series 320d Luxury Line
2.825671,Hyundai Verna SX CRDi AT
2.887639,Hyundai Creta 1.4 CRDi S Plus
2.887639,Volkswagen Vento 2013-2015 1.6 Comfortline
2.8775775,BMW 3 Series Luxury Line
2.8492653,Honda CR-V Petrol 2WD
2.887639,Renault Duster 110PS Diesel RxZ AWD
2.8357325,Hyundai i20 Asta 1.2
2.825671,Volkswagen Jetta 2013-2015 2.0L TDI Highline AT
2.887639,Hyundai Creta 1.6 SX Plus Diesel
2.887639,Maruti Ciaz VDI SHVS
2.887639,Hyundai i20 Asta 1.4 CRDi
2.887639,Hyundai Verna 1.6 SX VTVT
2.887639,Volkswagen Polo Diesel Trendline 1.2L
2.887639,Volkswagen Polo Diesel Trendline 1.2L
2.8357325,Maruti SX4 Vxi BSIII
2.887639,Honda Mobilio RS Option i DTEC
2.887639,Renault Duster 110PS Diesel RxZ Plus
2.8775775,Toyota Fortuner 2.8 2WD AT
2.8775775,Volvo XC60 D4 SUMMUM
2.8775775,Maruti Celerio VXI AT
2.8357325,Maruti Ciaz ZDi Plus
2.8775775,Audi Q5 2008-2012 2.0 TDI
2.825671,BMW X1 sDrive 20d Sportline
2.887639,Ford Figo Petrol ZXI
2.887639,Hyundai Elantra CRDi SX
2.8357325,Hyundai Verna 1.6 i ABS
2.8357325,Honda Civic 2006-2010 1.8 S MT
2.8357325,Toyota Fortuner 4x4 MT
2.887639,Hyundai i10 Sportz
2.887639,Nissan Sunny 2011-2014 Diesel XL
2.825671,BMW 5 Series 2013-2017 520d Luxury Line
2.8357325,Chevrolet Optra Magnum 2.0 LT
2.887639,Hyundai i10 Asta
2.8357325,Skoda Laura Ambiente
2.8775775,Mercedes-Benz E-Class 2009-2013 E 220 CDI Avantgarde
2.887639,Honda Amaze SX i-DTEC
2.8775775,BMW X1 xDrive 20d xLine
2.887639,Toyota Innova 2.5 G (Diesel) 8 Seater
2.8775775,Porsche Panamera 2010 2013 Diesel
2.8357325,Nissan Sunny XV D
2.8357325,Maruti Swift Dzire LDI
2.8775775,Maruti Wagon R ZXI AMT 1.2
2.825671,Volkswagen Jetta 2013-2015 2.0L TDI Highline AT
2.8593268,Honda Accord 2.4 Inspire M/T
2.887639,Honda City i VTEC V
2.887639,Hyundai Verna 1.6 SX VTVT
2.8357325,Maruti Wagon R LX BSII
2.8357325,Maruti Swift Dzire Tour LDI
2.8775775,Audi Q5 2008-2012 2.0 TFSI Quattro
2.887639,Toyota Etios Cross 1.4 GD
2.887639,Hyundai i10 Era 1.1 iTech SE
2.887639,Hyundai Verna 1.6 VTVT
2.887639,Volkswagen Polo 1.5 TDI Highline
2.8775775,BMW 5 Series 520d Sport Line
2.8357325,Hyundai i20 1.4 Asta Optional With Sunroof
2.8775775,Hyundai Grand i10 Asta Option AT
2.8775775,Toyota Fortuner 4x2 4 Speed AT
2.8775775,Maruti Baleno Zeta Automatic
2.8775775,Hyundai Creta 1.6 SX Plus Petrol Automatic
2.8593268,Hyundai i10 Sportz
2.887639,Tata Tigor XE Diesel
2.8775775,Skoda Superb Style 1.8 TSI AT
2.887639,Maruti Swift Dzire VDI
2.8775775,Honda CR-V 2.0 AT
2.887639,Toyota Innova 2.5 G (Diesel) 8 Seater BS IV
2.887639,Honda City 1.5 V MT
2.8775775,Hyundai Verna VTVT 1.6 AT SX Plus
2.887639,Toyota Etios 1.4 VXD
2.825671,Skoda Superb Elegance 1.8 TSI AT
2.887639,Nissan Sunny 2011-2014 Diesel XV
2.887639,Honda City 1.5 V MT Exclusive
2.887639,Hyundai Elite i20 Diesel Asta Option
2.8357325,Chevrolet Optra 1.6 LT Royale
2.887639,Honda Amaze S i-Vtech
2.887639,Volkswagen Polo Petrol Comfortline 1.2L
2.887639,Maruti Swift VDI
2.8775775,Ford Endeavour 3.0L 4X4 AT
2.8593268,Maruti Baleno LXI
2.8357325,Maruti Wagon R LX
2.887639,Volkswagen Polo 1.5 TDI Highline
2.887639,Hyundai Verna 1.6 SX VTVT (O)
2.887639,Maruti Ciaz ZDi Plus SHVS
0.010340307,Toyota Qualis Fleet A3
2.887639,Nissan Sunny 2011-2014 Diesel XL
2.887639,Skoda Rapid 1.6 MPI Ambition With Alloy Wheel
2.887639,Maruti Eeco 7 Seater Standard
2.887639,Skoda Rapid Ultima 1.6 MPI Ambition Plus
2.8357325,Toyota Fortuner 4x4 MT
2.887639,Hyundai Creta 1.6 CRDi SX
2.887639,Hyundai i20 Magna Optional 1.2
2.887639,Maruti Wagon R LXI CNG
2.887639,Honda City i DTEC V
2.887639,Maruti 800 Std
2.8357325,Ford Ikon 1.3 Flair
2.887639,Maruti Swift Dzire LXI
2.887639,Honda City 1.5 V MT Sunroof
2.887639,Hyundai Verna CRDi
2.887639,Hyundai Verna 1.6 SX VTVT
2.8357325,Renault KWID RXT
2.8357325,Maruti Wagon R LXI
2.8357325,Hyundai Grand i10 Sportz
2.887639,Hyundai i20 1.2 Asta
2.887639,Honda Amaze S i-Vtech
2.887639,Ford Fiesta 1.4 Duratorq ZXI
2.8775775,Hyundai Verna SX CRDi AT
2.887639,Toyota Etios VD SP
2.8775775,Honda Jazz 1.2 V CVT i VTEC
2.887639,Hyundai Verna 1.6 CRDi SX
2.8775775,Mercedes-Benz CLA 200 D Sport Edition
2.8775775,Skoda Octavia Elegance 1.8 TSI AT
2.887639,Chevrolet Beat Diesel LS
2.887639,Volkswagen Polo Diesel Trendline 1.2L
2.887639,Maruti SX4 S Cross DDiS 200 Zeta
2.887639,Honda City V MT
2.887639,Volkswagen Vento 1.5 TDI Highline
2.887639,Hyundai Grand i10 1.2 Kappa Magna
2.8775775,Renault KWID AMT RXL
2.887639,Maruti Alto 800 LXI
2.887639,Ford Ecosport 1.5 Ti VCT MT Titanium
2.887639,Maruti Baleno Zeta
2.887639,Maruti Ritz VDi
2.8775775,Mercedes-Benz E-Class 280 CDI
2.887639,Maruti Ritz VDi
2.8357325,Chevrolet Beat Diesel LT
2.887639,Maruti SX4 Vxi BSIV
2.887639,Maruti Omni 5 Seater BSIV
2.887639,Mitsubishi Pajero Sport Anniversary Edition
2.8775775,Mercedes-Benz S Class 2005 2013 S 300 L
2.887639,Chevrolet Beat Diesel LS
2.8357325,Ford Figo 2015-2019 1.5D Titanium MT
2.887639,Honda City i-VTEC VX
2.825671,Mercedes-Benz GLA Class 200 CDI SPORT
2.887639,Hyundai Creta 1.4 CRDi S Plus
2.887639,Ford Fiesta Classic 1.4 Duratorq CLXI
2.825671,Audi A4 2.0 TDI
2.887639,Hyundai i10 Magna 1.1
2.8775775,BMW 3 Series 320i Sedan
2.8775775,BMW 7 Series 730Ld
2.887639,Hyundai Verna 1.6 SX VTVT
2.8775775,Volkswagen Ameo 1.5 TDI Comfortline AT
2.887639,Chevrolet Aveo 1.4 LS
2.8357325,Chevrolet Cruze LTZ
2.8357325,Hyundai i20 1.4 Sportz
2.8775775,Honda BRV i-VTEC V CVT
2.887639,Hyundai Xcent 1.2 Kappa SX
2.887639,Maruti Alto 800 CNG LXI
2.887639,Hyundai Grand i10 CRDi Sportz
2.8357325,Maruti Alto LXi
2.887639,Toyota Innova 2.5 VX (Diesel) 7 Seater
2.825671,Hyundai i10 Sportz 1.2 AT
2.8775775,Honda City i-VTEC CVT V
2.8593268,Maruti Zen LX
2.887639,Maruti Wagon R LXI BS IV
2.8357325,Ford Figo Diesel Titanium
2.887639,Honda Amaze S i-Vtech
2.887639,Hyundai Accent GLE
2.887639,Hyundai Verna 1.6 SX CRDi (O)
2.887639,Maruti Swift ZDi
2.825671,Mercedes-Benz B Class B180
2.887639,Chevrolet Cruze LTZ
2.8775775,Skoda Laura Ambiente 2.0 TDI CR AT
2.887639,Mahindra Scorpio VLX 2WD BSIV
2.8775775,BMW X1 xDrive 20d xLine
2.8775775,Mercedes-Benz E-Class 2009-2013 E350 Petrol
2.825671,Skoda Superb Elegance 1.8 TSI AT
2.825671,Honda Brio VX AT
2.887639,Hyundai i10 Magna 1.2
2.887639,Honda City i VTEC SV
2.887639,Ford Figo Petrol ZXI
2.887639,Toyota Innova 2.5 G4 Diesel 7-seater
2.8357325,Mahindra Verito 1.5 D6 BSIV
2.887639,Mahindra KUV 100 G80 K8 Dual Tone
2.887639,Hyundai i20 Sportz Option 1.2
2.887639,Tata New Safari EX 4x2
2.887639,Maruti Swift Dzire VDi
2.825671,BMW X5 xDrive 30d M Sport
2.8775775,Audi A6 2011-2015 2.0 TDI Premium Plus
2.887639,Maruti Baleno Delta 1.2
2.8775775,Hyundai Santa Fe 4WD AT
2.8775775,Chevrolet Cruze LTZ AT
2.8775775,Mercedes-Benz E-Class 2015-2017 E250 Edition E
2.887639,Hyundai Santro Xing GLS
2.887639,Maruti Wagon R LXI CNG
2.887639,Maruti Ciaz VDi Plus SHVS
2.887639,Honda City i-VTEC V
2.887639,Nissan Terrano XL Plus ICC WT20 SE
2.8775775,BMW 3 Series 320d Prestige
2.887639,Honda City i DTEC V
2.887639,Nissan Terrano XL Plus 85 PS
2.887639,Hyundai Grand i10 CRDi Sportz
0.09874811,Hyundai Santro Xing XL eRLX Euro III
2.8775775,Toyota Fortuner 4x2 AT
2.887639,Toyota Innova Crysta 2.4 VX MT
2.887639,Maruti Baleno Zeta 1.2
0.09874811,Hyundai Santro Xing XL eRLX Euro III
2.887639,Hyundai i10 Sportz 1.1L
2.8775775,Audi Q7 3.0 TDI Quattro Premium Plus
2.8775775,Volvo S60 D4 Momentum
2.887639,Honda City i VTEC V
2.8357325,Maruti Alto K10 2010-2014 VXI
2.887639,Honda Brio 1.2 S Option MT
2.887639,Mahindra Scorpio VLX 2WD AIRBAG BSIV
2.8775775,Renault Duster 110PS Diesel RxL AMT
2.887639,Hyundai Creta 1.6 CRDi SX
2.887639,Tata Tiago 1.2 Revotron XZ
2.887639,Mahindra XUV500 W6 2WD
2.887639,Volkswagen Vento 1.5 TDI Highline
2.8775775,Mercedes-Benz B Class B180
2.887639,Maruti SX4 Vxi BSIV
2.887639,Hyundai Getz GLE
2.8775775,BMW 6 Series Gran Coupe
2.8775775,Audi A4 2.0 TDI 177 Bhp Premium Plus
2.887639,Hyundai i20 Asta Option 1.2
2.887639,Nissan Terrano XL D Option
2.8357325,Volkswagen Vento Konekt Diesel Highline
2.887639,Hyundai i10 Sportz
2.8492653,Lamborghini Gallardo Coupe
2.8775775,Jaguar XF 3.0 Litre S Premium Luxury
2.8357325,Maruti Swift Dzire VXi
2.8357325,Tata Indica Vista Quadrajet VX
2.887639,Hyundai i20 Asta 1.4 CRDi
2.887639,Hyundai Xcent 1.2 Kappa S Option
2.887639,Toyota Innova 2.5 VX (Diesel) 7 Seater
2.887639,Tata Tiago 1.2 Revotron XZ
2.887639,Renault KWID RXL
2.887639,Toyota Innova 2.5 V Diesel 7-seater
2.8775775,Mercedes-Benz E-Class 2015-2017 E250 CDI Avantgarde
2.8775775,Honda City 1.5 S AT
2.887639,Hyundai i10 Sportz 1.2
2.887639,Hyundai Creta 1.6 CRDi SX Option
2.887639,Honda Amaze VX Petrol
2.887639,Volkswagen Polo 1.2 MPI Trendline
2.887639,Hyundai i10 Magna 1.2
2.887639,Renault Pulse RxL
2.8775775,Volkswagen Vento 1.5 TDI Highline AT
2.887639,Toyota Innova 2.5 VX (Diesel) 7 Seater BS IV
2.8357325,Toyota Corolla Altis G
2.8357325,Hyundai Verna CRDi
2.825671,Mercedes-Benz GL-Class 350 CDI Blue Efficiency
2.887639,Renault Duster 85PS Diesel RxL Optional
2.887639,Skoda Rapid 1.6 MPI Ambition
2.887639,Hyundai i10 Sportz 1.2
2.887639,Mahindra KUV 100 mFALCON G80 K8
2.8775775,Maruti Celerio VXI AMT
2.8775775,Maruti A-Star AT VXI
2.887639,Honda City i DTEC VX
2.8775775,Skoda Superb 1.8 TSI
2.887639,Hyundai Grand i10 Sportz
2.887639,Renault Duster 85PS Diesel RxL
2.887639,Hyundai Grand i10 Magna
2.887639,Ford EcoSport 1.5 TDCi Titanium
2.8357325,Nissan Sunny 2011-2014 XL
2.887639,Ford Figo Aspire 1.5 TDCi Titanium
2.887639,Honda Civic 2006-2010 1.8 V MT
2.887639,Renault KWID RXT Optional
2.8357325,Honda Brio EX MT
2.887639,Maruti Swift ZXI ABS
2.887639,Hyundai i20 Magna Optional 1.4 CRDi
2.8775775,Skoda Superb Elegance 2.0 TDI CR AT
2.887639,Maruti Wagon R LXI BSII
2.8775775,Volkswagen Vento 1.5 TDI Highline AT
2.887639,Honda City i DTEC S
2.887639,Hyundai i20 1.4 Sportz
2.8775775,Nissan Micra XV CVT
2.887639,Renault KWID RXT Optional
2.887639,Honda City i-DTEC SV
2.887639,Toyota Innova Crysta 2.4 G MT 8S
2.887639,Maruti Baleno Alpha 1.3
2.887639,Ford EcoSport 1.5 TDCi Trend
2.8357325,Toyota Innova 2.5 G (Diesel) 8 Seater
2.887639,Ford Ecosport 1.5 DV5 MT Ambiente
2.887639,Volkswagen Polo Diesel Comfortline 1.2L
2.887639,Hyundai i20 Sportz 1.4 CRDi
2.887639,Renault Duster 85PS Diesel RxL Explore
2.8357325,Ford Ikon 1.3 Flair
2.887639,Ford Endeavour XLT TDCi 4X2
2.887639,Maruti Baleno Delta 1.3
2.8775775,Mercedes-Benz New C-Class C 220 CDI Elegance AT
2.8357325,Maruti Esteem Vxi - BSIII
2.8357325,Tata Indigo XL Grand Petrol
2.8775775,BMW 5 Series 525d Sedan
2.887639,Hyundai Santro Xing GL Plus
2.8775775,Skoda Octavia 2.0 TDI AT Style Plus
2.825671,Audi A6 2011-2015 35 TDI Technology
2.887639,Ford Figo 1.5D Trend MT
2.887639,Mahindra Xylo D4 BS III
2.8775775,Maruti Celerio ZXI AT
2.887639,Toyota Innova 2.5 G4 Diesel 8-seater
2.887639,Hyundai Grand i10 CRDi Asta
2.887639,Hyundai Grand i10 1.2 Kappa Sportz
2.887639,Hyundai Grand i10 Sportz
2.887639,Hyundai Elite i20 Petrol Asta
2.8357325,Maruti Zen Estilo LXI BSIII
2.887639,Maruti Alto K10 2010-2014 VXI
2.887639,Toyota Fortuner 4x2 Manual
2.887639,Mahindra Thar CRDe AC
0.09874811,Hyundai Santro Xing XO
2.8357325,Toyota Etios G
2.8775775,Mercedes-Benz GL-Class 2007 2012 350 CDI Luxury
2.887639,Renault Duster 110PS Diesel RxZ
2.887639,Maruti Swift VDI
2.887639,Volkswagen Vento Magnific 1.6 Comfortline
2.8775775,Skoda Superb L&K 2.0 TDI AT
2.8775775,BMW 3 Series 330d Convertible
2.8357325,Maruti Wagon R VXI BS IV
2.887639,Renault KWID RXT
2.887639,Ford Endeavour 4x2 XLT Limited Edition
2.887639,Maruti Vitara Brezza ZDi Plus Dual Tone
0.013612734,Hyundai Santro Xing XO eRLX Euro II
2.8775775,Mercedes-Benz E-Class 200 Kompressor Elegance
2.8948035,Mercedes-Benz C-Class Progressive C 220d
2.887639,Maruti Ertiga VXI CNG
2.825671,Audi A4 2.0 TDI Celebration Edition
2.887639,Hyundai Grand i10 Asta
2.8357325,Mitsubishi Pajero Sport 4X4
2.825671,Mercedes-Benz New C-Class C 250 CDI Avantgarde
2.887639,Maruti Wagon R LXI CNG
2.8775775,Maruti Alto K10 VXI AGS
2.8357325,Hyundai i20 Sportz 1.2
2.887639,Maruti Swift Dzire VDI
2.825671,Mercedes-Benz R-Class R350 4Matic Long
2.8775775,Ford EcoSport 1.5 Ti VCT AT Titanium
2.887639,Honda City i DTEC VX Option
2.887639,Maruti Alto K10 2010-2014 VXI
2.887639,Maruti Ertiga ZDI
2.887639,Hyundai i20 Diesel Asta Option
2.887639,Tata Indigo CS eGLX BS IV
2.8357325,Maruti Alto Std
0.4882432,Maruti Estilo LXI
2.887639,Hyundai Creta 1.6 SX
2.8357325,Maruti Wagon R LX
2.887639,Toyota Etios V
2.887639,Toyota Etios V
2.887639,Renault Duster 110PS Diesel RXZ Optional with Nav
2.8357325,Maruti Swift Dzire Vdi BSIV
2.8775775,Mercedes-Benz GLC 220
2.887639,Ford Ecosport 1.5 DV5 MT Titanium Optional
2.887639,Maruti Wagon R LXI CNG
2.8775775,Maruti Ciaz 1.4 AT Alpha
2.887639,Ford Ecosport 1.5 DV5 MT Titanium
2.887639,Tata Zest Quadrajet 1.3 75PS XE
2.8775775,Ford Endeavour 3.0L 4X4 AT
2.8775775,Renault Duster 110PS Diesel RxZ AMT
2.887639,Nissan X-Trail SLX MT
2.8775775,Toyota Fortuner 4x4 AT
2.887639,Chevrolet Aveo U-VA 1.2 LS
2.887639,Skoda Rapid 1.6 TDI Ambition
2.8357325,Mahindra XUV500 W8 4WD
2.887639,Maruti Swift Dzire ZDi
2.887639,Skoda Octavia Elegance 1.9 TDI
2.887639,Chevrolet Enjoy Petrol LS 7 Seater
2.887639,Hyundai Accent GLE
2.8775775,Mercedes-Benz New C-Class C 200 CGI
2.887639,Renault Duster 85PS Diesel RxE
2.8775775,Jaguar F Type 5.0 V8 S
2.887639,Hyundai Verna 1.6 SX
2.8775775,Mercedes-Benz E-Class 2015-2017 E250 CDI Avantgarde
2.887639,Volkswagen Vento Petrol Highline
2.8775775,Skoda Superb Style 2.0 TDI AT
2.887639,Mahindra Scorpio 1.99 S4 Plus
0.09874811,Skoda Laura Classic 1.8 TSI
2.887639,Maruti 800 DX BSII
2.8775775,Audi Q5 3.0 TDI Quattro Technology
2.8357325,Mahindra NuvoSport N6
2.8357325,Volkswagen Vento Diesel Highline
2.887639,Maruti Swift Dzire VXI Optional
2.8357325,Maruti Ertiga VXI
2.887639,Maruti Alto 800 2016-2019 LXI
2.887639,Hyundai i20 Magna 1.4 CRDi (Diesel)
2.887639,Ford Ecosport 1.5 DV5 MT Titanium
2.8357325,Maruti Alto K10 LXI CNG
2.887639,Volkswagen Vento 1.5 TDI Highline
2.887639,Mahindra Scorpio VLX 2WD Airbag BSIII
2.887639,Ford Figo Aspire 1.5 TDCi Titanium Plus
2.887639,Toyota Innova 2.5 G (Diesel) 8 Seater
2.887639,Maruti Dzire LDI
2.887639,Renault KWID RXL
2.8593268,Ford Endeavour 2.5L 4X2 MT
0.010340307,Mahindra Jeep MM 540 DP
2.887639,Ford EcoSport 1.0 Ecoboost Titanium Plus
2.887639,Hyundai Creta 1.6 CRDi SX
2.8775775,BMW 5 Series 2013-2017 530d M Sport
2.8775775,Maruti Ertiga VXI AT Petrol
2.825671,Skoda Laura L and K AT
2.887639,Chevrolet Beat LS
2.8775775,Audi Q3 2.0 TDI
2.887639,Honda City 1.5 V MT
2.8357325,Maruti Swift Lxi BSIII
2.887639,Ford Figo Diesel EXI
2.8775775,Toyota Fortuner 4x4 AT
2.8357325,Mercedes-Benz New C-Class 200 CDI Classic
2.887639,Toyota Innova 2.5 GX (Diesel) 7 Seater
2.8357325,Honda City 1.5 EXI
2.887639,Honda Amaze S i-Dtech
2.825671,Toyota Corolla Altis 1.8 G CVT
2.887639,Tata Indica Vista Quadrajet VX
2.887639,Mahindra XUV500 W8 2WD
2.887639,Maruti Ritz VDi
2.8775775,Mercedes-Benz New C-Class C 200 AVANTGARDE
2.8775775,Hyundai Verna VTVT 1.6 AT SX Option
2.8775775,Mercedes-Benz New C-Class C 250 CDI Elegance
2.887639,Maruti Wagon R VXI BS IV
2.8357325,Maruti Ertiga VXI
2.887639,Skoda Rapid Ultima 1.6 TDI Elegance
2.887639,Toyota Innova 2.5 V Diesel 8-seater
2.8775775,Mercedes-Benz GLA Class 200 Sport
2.8357325,Volkswagen Polo 1.5 TDI Highline
2.7253642,Hyundai Santro Xing GL
2.887639,Hyundai Verna 1.6 CRDi EX MT
2.887639,Volkswagen Ameo 1.2 MPI Highline
2.887639,Hyundai i20 Asta Option 1.2
2.8357325,Maruti Wagon R LX BSIII
2.8357325,Tata Indica LEI
2.887639,Mahindra Xylo D4
2.887639,ISUZU D-MAX V-Cross 4X4
2.887639,Hyundai i20 2015-2017 Magna
2.887639,Maruti Baleno Alpha
2.8775775,Tata Hexa XTA
2.887639,Volkswagen Polo Petrol Comfortline 1.2L
2.8775775,Mercedes-Benz New C-Class C 200 CGI Elegance
0.09874811,Toyota Etios GD
2.8357325,Hyundai Getz GLS
2.887639,Tata Tiago 1.2 Revotron XT
2.887639,Renault Duster 85PS Diesel RxL Option
2.825671,Audi A4 35 TDI Premium Plus
2.8593268,Tata New Safari DICOR 2.2 VX 4x2
2.887639,Maruti Swift VDI
2.8775775,Skoda Superb Elegance 1.8 TSI AT
2.887639,Hyundai Elantra SX
2.8593268,Honda City 1.5 E MT
2.887639,Renault Duster 85PS Diesel RxL Explore
2.8775775,Jaguar XF 2.2 Litre Luxury
2.887639,Maruti Wagon R Duo Lxi
2.8357325,Volkswagen Polo IPL II 1.2 Petrol Highline
2.887639,Tata Bolt Revotron XT
2.8357325,Hyundai i20 Sportz 1.2
2.8775775,Audi A6 2011-2015 2.0 TDI
2.887639,Volkswagen Vento 1.6 Highline
2.887639,Maruti Celerio VXI
2.887639,Hyundai Getz GLE
2.887639,Maruti Vitara Brezza VDi
2.8775775,Mercedes-Benz M-Class ML 320 CDI
2.887639,Maruti Swift Dzire Vdi BSIV
2.825671,Porsche Panamera Diesel
2.8775775,Toyota Camry Hybrid
2.887639,Honda Brio 1.2 VX MT
2.757326,Skoda Superb 3.6 V6 FSI
2.887639,Toyota Innova 2.5 V Diesel 7-seater
2.887639,Honda Amaze VX i-DTEC
2.887639,Maruti Swift VDI
2.887639,Hyundai Xcent 1.1 CRDi S
2.8357325,Mahindra Xylo D4 BSIV
2.887639,Maruti Wagon R VXI
2.887639,Chevrolet Beat Diesel
